﻿<?xml version="1.0" encoding="utf-8"?>
<rollupdbpopulatorparameters>
  <sourceparentattributename>new_parentid</sourceparentattributename>
  <sourcedepthattributename>new_level</sourcedepthattributename>
  <targetparentattributename>new_customerid</targetparentattributename>
  <sourcedatafilename>C:\Account.csv</sourcedatafilename>
  <targetdatafilename>C:\Opportunity.csv</targetdatafilename>
  <targetentity>new_customopportunity</targetentity>
  <targetpkname>new_customopportunityid</targetpkname>
  <sourceentity>new_customaccount</sourceentity>
  <sourcepkname>new_customaccountid</sourcepkname>
  <totalnumberofaccountsdesired>10000</totalnumberofaccountsdesired>
  <totalnumberofopportunitiesperaccount>100</totalnumberofopportunitiesperaccount>
  <averagedepth>99</averagedepth>
  <averagefanout>100</averagefanout>
  <fanoutdecreasefactor>100</fanoutdecreasefactor>
  <multiplicationfactor>100</multiplicationfactor>
</rollupdbpopulatorparameters>

