<?xml version="1.0"?>
<DbPopConfig>
	<exec threadCount="10"/>
	<userGroups authentication="ActiveDirectory" ssl="false" domain="" webserver="" organization="" discoveryserver="">
		<userGroup name="{0}\crmusr{1}" startIndex="198" count="3" password="T!T@n1130"/>
	</userGroups>
	<globalTags>
		<tag name="allsystemuserids">
			<query>
				<column name="systemuserid"/>
				<entity name="systemuser"/>
			</query>
		</tag>
		<tag name="allserviceids">
			<query>
				<column name="serviceid"/>
				<entity name="service"/>
			</query>
		</tag>
		<tag name="allequipment">
			<query>
				<column name="equipmentid"/>
				<entity name="equipment"/>
			</query>
		</tag>
		<tag name="allconnectionrole">
			<query>
				<column name="connectionroleid"/>
				<entity name="connectionrole"/>
				<filter>
					<conditionexpression attributename="name" operator="equal" value="globalconnectionrole"/>
				</filter>
			</query>
		</tag>
	</globalTags>
	<objectDist>
		<recurringappointmentmaster count="1" requiredattendees="gettag(allsystemuserids,getrandom,systemuserid)" optionalattendees="gettag(allsystemuserids,getrandom,systemuserid)" recurrencepatterntype="0" patternendtype="1"/>
    		<recurringappointmentmaster count="1" requiredattendees="gettag(allsystemuserids,getrandom,systemuserid)" optionalattendees="gettag(allsystemuserids,getrandom,systemuserid)" recurrencepatterntype="1" daysofweekmask="replace(randomdaysofweekmask)" patternendtype="1"/>
    		<recurringappointmentmaster count="1" requiredattendees="gettag(allsystemuserids,getrandom,systemuserid)" optionalattendees="gettag(allsystemuserids,getrandom,systemuserid)" recurrencepatterntype="2" dayofmonth="replace(randomnumber,1,29)" patternendtype="1"/>
    		<recurringappointmentmaster count="1" requiredattendees="gettag(allsystemuserids,getrandom,systemuserid)" optionalattendees="gettag(allsystemuserids,getrandom,systemuserid)" recurrencepatterntype="3" monthofyear="replace(randomnumber,1,13)" dayofmonth="replace(randomnumber,1,29)" occurrences="replace(randomnumber,2,10)" patternendtype="2"/>
    		<recurringappointmentmaster count="3" subject="replace(randomsubject) + updatable object" requiredattendees="gettag(allsystemuserids,getrandom,systemuserid)" optionalattendees="gettag(allsystemuserids,getrandom,systemuserid)" recurrencepatterntype="1" daysofweekmask="3" patternendtype="1"/>
    		<recurringappointmentmaster count="3" subject="replace(randomsubject) + deletable object" requiredattendees="gettag(allsystemuserids,getrandom,systemuserid)" optionalattendees="gettag(allsystemuserids,getrandom,systemuserid)" recurrencepatterntype="1" daysofweekmask="3" patternendtype="1"/>
		<account count="296" name="replace(randomstring,10,15) + connection object" new_attribute1="replace(randomstring,10,20)" new_attribute2="replace(randomnumber,100000001,100000005)" new_attribute3="true" new_attribute4="replace(randomnumber)" new_attribute5="replace(randomnumber)" new_attribute6="replace(randomnumber)" new_attribute7="replace(randomnumber)" new_attribute8="replace(randomstring,100,400)" new_attribute9="replace(randomstarttime)" new_attribute10="replace(randomdate)" save_1="settag(connectionaccountid,account,entityid)" save_2="settype(accountidtype)">
    		</account>
    		<contact count="234" lastname="replace(randomstring,5,10) + connection object" parentcustomerid.Id="getdyntag(connectionaccountid,getrandom,entityid)" parentcustomerid.LogicalName="getdyntag(accountidtype)" new_attribute1="replace(randomstring,10,20)" new_attribute2="replace(randomnumber,100000001,100000005)" new_attribute3="true" new_attribute4="replace(randomnumber)" new_attribute5="replace(randomnumber)" new_attribute6="replace(randomnumber)" new_attribute7="replace(randomnumber)" new_attribute8="replace(randomstring,100,400)" new_attribute9="replace(randomstarttime)" new_attribute10="replace(randomdate)" save_1="settag(connectioncontactid,contact,entityid)" save_2="settype(contactidtype)">
    		</contact>
		<serviceappointment count="200" serviceid.Id="gettag(allserviceids,getrandom,serviceid)" resources="gettag(allequipment,getactivityparties,equipmentid)"/>
		<account count="15" new_attribute1="replace(randomstring,10,20)" new_attribute2="replace(randomnumber,100000001,100000005)" new_attribute3="true" new_attribute4="replace(randomnumber)" new_attribute5="replace(randomnumber)" new_attribute6="replace(randomnumber)" new_attribute7="replace(randomnumber)" new_attribute8="replace(randomstring,100,400)" new_attribute9="replace(randomstarttime)" new_attribute10="replace(randomdate)" save_1="settag(accountid,account,entityid)" save_2="settype(accountidtype)" revenue="replace(randomnumber,10,300)">
      			<appointment count="21" requiredattendees="gettag(allsystemuserids,getrandom,systemuserid)" regardingobjectid.Id="getdyntag(accountid)" regardingobjectid.LogicalName="getdyntag(accountidtype)"/>
			<connection count="2" record1id.Id="getdyntag(connectionaccountid,getrandom,entityid)" record1id.LogicalName="getdyntag(accountidtype)" record2id.Id="getdyntag(accountid)" record2id.LogicalName="getdyntag(accountidtype)" record1roleid.Id="gettag(allconnectionrole,getrandom,connectionroleid)" record2roleid.Id="getdyntag(allconnectionrole,getrandom,connectionroleid)"/>
      			<connection count="8" record1id.Id="getdyntag(connectioncontactid,getrandom,entityid)" record1id.LogicalName="getdyntag(contactidtype)" record2id.Id="getdyntag(accountid)" record2id.LogicalName="getdyntag(accountidtype)" record1roleid.Id="gettag(allconnectionrole,getrandom,connectionroleid)" record2roleid.Id="getdyntag(allconnectionrole,getrandom,connectionroleid)"/>
      			<connection count="4" record1id.Id="gettag(allsystemuserids,getrandom,systemuserid)" record1id.LogicalName="systemuser" record2id.Id="getdyntag(accountid)" record2id.LogicalName="getdyntag(accountidtype)" record1roleid.Id="gettag(allconnectionrole,getrandom,connectionroleid)" record2roleid.Id="gettag(allconnectionrole,getrandom,connectionroleid)"/>
      			<fax count="5" regardingobjectid.Id="getdyntag(accountid)" regardingobjectid.LogicalName="getdyntag(accountidtype)" from="gettag(allsystemuserids,getrandom,systemuserid)" to="gettag(allsystemuserids,getrandom,systemuserid)"/>
      			<letter count="5" regardingobjectid.Id="getdyntag(accountid)" regardingobjectid.LogicalName="getdyntag(accountidtype)" from="gettag(allsystemuserids,getrandom,systemuserid)" to="gettag(allsystemuserids,getrandom,systemuserid)"/>
      			<phonecall count="5" regardingobjectid.Id="getdyntag(accountid)" regardingobjectid.LogicalName="getdyntag(accountidtype)" from="gettag(allsystemuserids,getrandom,systemuserid)" to="gettag(allsystemuserids,getrandom,systemuserid)"/>
			<task count="2" regardingobjectid.Id="getdyntag(accountid)" regardingobjectid.LogicalName="getdyntag(accountidtype)" new_attribute1="replace(randomstring,10,20)" new_attribute2="replace(randomnumber,100000001,100000005)" new_attribute3="true" new_attribute4="replace(randomnumber)" new_attribute5="replace(randomnumber)" new_attribute6="replace(randomnumber)" new_attribute7="replace(randomnumber)" new_attribute8="replace(randomstring,100,400)" new_attribute9="replace(randomstarttime)" new_attribute10="replace(randomdate)" save_1="settag(taskid,activity,entityid)" save_2="settype(taskidtype)">
        			<annotation count="1" objectid.Id="getdyntag(taskid)" objectid.LogicalName="getdyntag(taskidtype)"></annotation>
      			</task>
      			<task count="12" regardingobjectid.Id="getdyntag(accountid)" regardingobjectid.LogicalName="getdyntag(accountidtype)" new_attribute1="replace(randomstring,10,20)" new_attribute2="replace(randomnumber,100000001,100000005)" new_attribute3="true" new_attribute4="replace(randomnumber)" new_attribute5="replace(randomnumber)" new_attribute6="replace(randomnumber)" new_attribute7="replace(randomnumber)" new_attribute8="replace(randomstring,100,400)" new_attribute9="replace(randomstarttime)" new_attribute10="replace(randomdate)" save_1="settag(taskid,activity,entityid)" save_2="settype(taskidtype)" statecode="1">
        			<annotation count="1" objectid.Id="getdyntag(taskid)" objectid.LogicalName="getdyntag(taskidtype)"></annotation>
      			</task>
      			<task count="6" regardingobjectid.Id="getdyntag(accountid)" regardingobjectid.LogicalName="getdyntag(accountidtype)" new_attribute1="replace(randomstring,10,20)" new_attribute2="replace(randomnumber,100000001,100000005)" new_attribute3="true" new_attribute4="replace(randomnumber)" new_attribute5="replace(randomnumber)" new_attribute6="replace(randomnumber)" new_attribute7="replace(randomnumber)" new_attribute8="replace(randomstring,100,400)" new_attribute9="replace(randomstarttime)" new_attribute10="replace(randomdate)" save_1="settag(taskid,activity,entityid)" save_2="settype(taskidtype)" statecode="2">
        			<annotation count="1" objectid.Id="getdyntag(taskid)" objectid.LogicalName="getdyntag(taskidtype)"></annotation>
      			</task>
      			<email count="14" sender="gettag(allsystemuserids,getrandom,systemuserid)" torecipients="gettag(allsystemuserids,getrandom,systemuserid)" regardingobjectid.Id="getdyntag(accountid)" regardingobjectid.LogicalName="getdyntag(accountidtype)" from="gettag(allsystemuserids,getrandom,systemuserid)" to="gettag(allsystemuserids,getrandom,systemuserid)"></email>
      			<contact count="3" parentcustomerid.Id="getdyntag(accountid)" parentcustomerid.LogicalName="getdyntag(accountidtype)" new_attribute1="replace(randomstring,10,20)" new_attribute2="replace(randomnumber,100000001,100000005)" new_attribute3="true" new_attribute4="replace(randomnumber)" new_attribute5="replace(randomnumber)" new_attribute6="replace(randomnumber)" new_attribute7="replace(randomnumber)" new_attribute8="replace(randomstring,100,400)" new_attribute9="replace(randomstarttime)" new_attribute10="replace(randomdate)" save_1="settag(contactid,contact,entityid)" save_2="settype(contactidtype)">
				<task count="2" regardingobjectid.Id="getdyntag(contactid)" regardingobjectid.LogicalName="getdyntag(contactidtype)" new_attribute1="replace(randomstring,10,20)" new_attribute2="replace(randomnumber,100000001,100000005)" new_attribute3="true" new_attribute4="replace(randomnumber)" new_attribute5="replace(randomnumber)" new_attribute6="replace(randomnumber)" new_attribute7="replace(randomnumber)" new_attribute8="replace(randomstring,100,400)" new_attribute9="replace(randomstarttime)" new_attribute10="replace(randomdate)" save_1="settag(contact_taskid,activity,entityid)" save_2="settype(contact_taskidtype)">
          				<annotation count="1" objectid.Id="getdyntag(contact_taskid)" objectid.LogicalName="getdyntag(contact_taskidtype)"></annotation>
        			</task>
        			<task count="12" regardingobjectid.Id="getdyntag(contactid)" regardingobjectid.LogicalName="getdyntag(contactidtype)" new_attribute1="replace(randomstring,10,20)" new_attribute2="replace(randomnumber,100000001,100000005)" new_attribute3="true" new_attribute4="replace(randomnumber)" new_attribute5="replace(randomnumber)" new_attribute6="replace(randomnumber)" new_attribute7="replace(randomnumber)" new_attribute8="replace(randomstring,100,400)" new_attribute9="replace(randomstarttime)" new_attribute10="replace(randomdate)" save_1="settag(contact_taskid,activity,entityid)" save_2="settype(contact_taskidtype)" statecode="1">
          				<annotation count="1" objectid.Id="getdyntag(contact_taskid)" objectid.LogicalName="getdyntag(contact_taskidtype)"></annotation>
        			</task>
        			<task count="6" regardingobjectid.Id="getdyntag(contactid)" regardingobjectid.LogicalName="getdyntag(contactidtype)" new_attribute1="replace(randomstring,10,20)" new_attribute2="replace(randomnumber,100000001,100000005)" new_attribute3="true" new_attribute4="replace(randomnumber)" new_attribute5="replace(randomnumber)" new_attribute6="replace(randomnumber)" new_attribute7="replace(randomnumber)" new_attribute8="replace(randomstring,100,400)" new_attribute9="replace(randomstarttime)" new_attribute10="replace(randomdate)" save_1="settag(contact_taskid,activity,entityid)" save_2="settype(contact_taskidtype)" statecode="2">
          				<annotation count="1" objectid.Id="getdyntag(contact_taskid)" objectid.LogicalName="getdyntag(contact_taskidtype)"></annotation>
        			</task>
        			<email count="14" sender="gettag(allsystemuserids,getrandom,systemuserid)" torecipients="gettag(allsystemuserids,getrandom,systemuserid)" regardingobjectid.Id="getdyntag(contactid)" regardingobjectid.LogicalName="getdyntag(contactidtype)" from="gettag(allsystemuserids,getrandom,systemuserid)" to="gettag(allsystemuserids,getrandom,systemuserid)"></email>
      			</contact>
			<contact count="1" firstname="getdyntag(accountid)" lastname="getdyntag(accountid)" parentcustomerid.Id="getdyntag(accountid)" parentcustomerid.LogicalName="getdyntag(accountidtype)" new_attribute1="replace(randomstring,10,20)" new_attribute2="replace(randomnumber,100000001,100000005)" new_attribute3="true" new_attribute4="replace(randomnumber)" new_attribute5="replace(randomnumber)" new_attribute6="replace(randomnumber)" new_attribute7="replace(randomnumber)" new_attribute8="replace(randomstring,100,400)" new_attribute9="replace(randomstarttime)" new_attribute10="replace(randomdate)" save_1="settag(contactid,contact,entityid)" save_2="settype(contactidtype)">
        			<task count="2" regardingobjectid.Id="getdyntag(contactid)" regardingobjectid.LogicalName="getdyntag(contactidtype)" new_attribute1="replace(randomstring,10,20)" new_attribute2="replace(randomnumber,100000001,100000005)" new_attribute3="true" new_attribute4="replace(randomnumber)" new_attribute5="replace(randomnumber)" new_attribute6="replace(randomnumber)" new_attribute7="replace(randomnumber)" new_attribute8="replace(randomstring,100,400)" new_attribute9="replace(randomstarttime)" new_attribute10="replace(randomdate)" save_1="settag(contact_taskid,activity,entityid)" save_2="settype(contact_taskidtype)">
          				<annotation count="1" objectid.Id="getdyntag(contact_taskid)" objectid.LogicalName="getdyntag(contact_taskidtype)"></annotation>
        			</task>
        			<task count="12" regardingobjectid.Id="getdyntag(contactid)" regardingobjectid.LogicalName="getdyntag(contactidtype)" new_attribute1="replace(randomstring,10,20)" new_attribute2="replace(randomnumber,100000001,100000005)" new_attribute3="true" new_attribute4="replace(randomnumber)" new_attribute5="replace(randomnumber)" new_attribute6="replace(randomnumber)" new_attribute7="replace(randomnumber)" new_attribute8="replace(randomstring,100,400)" new_attribute9="replace(randomstarttime)" new_attribute10="replace(randomdate)" save_1="settag(contact_taskid,activity,entityid)" save_2="settype(contact_taskidtype)" statecode="1">
          				<annotation count="1" objectid.Id="getdyntag(contact_taskid)" objectid.LogicalName="getdyntag(contact_taskidtype)"></annotation>
        			</task>
        			<task count="6" regardingobjectid.Id="getdyntag(contactid)" regardingobjectid.LogicalName="getdyntag(contactidtype)" new_attribute1="replace(randomstring,10,20)" new_attribute2="replace(randomnumber,100000001,100000005)" new_attribute3="true" new_attribute4="replace(randomnumber)" new_attribute5="replace(randomnumber)" new_attribute6="replace(randomnumber)" new_attribute7="replace(randomnumber)" new_attribute8="replace(randomstring,100,400)" new_attribute9="replace(randomstarttime)" new_attribute10="replace(randomdate)" save_1="settag(contact_taskid,activity,entityid)" save_2="settype(contact_taskidtype)" statecode="2">
          				<annotation count="1" objectid.Id="getdyntag(contact_taskid)" objectid.LogicalName="getdyntag(contact_taskidtype)"></annotation>
        			</task>
        			<email count="14" sender="gettag(allsystemuserids,getrandom,systemuserid)" torecipients="gettag(allsystemuserids,getrandom,systemuserid)" regardingobjectid.Id="getdyntag(contactid)" regardingobjectid.LogicalName="getdyntag(contactidtype)" from="gettag(allsystemuserids,getrandom,systemuserid)" to="gettag(allsystemuserids,getrandom,systemuserid)"></email>
      			</contact>
		</account>
		<account count="2" name="replace(randomstring,10,15) + deletable object" new_attribute2="replace(randomnumber,100000001,100000005)" new_attribute3="true" new_attribute4="replace(randomnumber)" new_attribute5="replace(randomnumber)" new_attribute6="replace(randomnumber)" new_attribute7="replace(randomnumber)" new_attribute8="replace(randomstring,100,400)" new_attribute9="replace(randomstarttime)" new_attribute10="replace(randomdate)" save_1="settag(accountid2,account,entityid)" save_2="settype(accountidtype)" revenue="replace(randomnumber,10,300)">
			<task count="20" regardingobjectid.Id="getdyntag(accountid2)" regardingobjectid.LogicalName="getdyntag(accountidtype)" new_attribute1="replace(randomstring,10,20)" new_attribute2="replace(randomnumber,100000001,100000005)" new_attribute3="true" new_attribute4="replace(randomnumber)" new_attribute5="replace(randomnumber)" new_attribute6="replace(randomnumber)" new_attribute7="replace(randomnumber)" new_attribute8="replace(randomstring,100,400)" new_attribute9="replace(randomstarttime)" new_attribute10="replace(randomdate)" save_1="settag(taskid2,activity,entityid)" save_2="settype(taskidtype)">
        			<annotation count="1" objectid.Id="getdyntag(taskid2)" objectid.LogicalName="getdyntag(taskidtype)"></annotation>
      			</task>
      			<email count="14" sender="gettag(allsystemuserids,getrandom,systemuserid)" torecipients="gettag(allsystemuserids,getrandom,systemuserid)" regardingobjectid.Id="getdyntag(accountid2)" regardingobjectid.LogicalName="getdyntag(accountidtype)" from="gettag(allsystemuserids,getrandom,systemuserid)" to="gettag(allsystemuserids,getrandom,systemuserid)"></email>
			<contact count="2" lastname="replace(randomstring,5,10) + deletable object" parentcustomerid.Id="getdyntag(accountid2)" parentcustomerid.LogicalName="getdyntag(accountidtype)" new_attribute1="replace(randomstring,10,20)" new_attribute2="replace(randomnumber,100000001,100000005)" new_attribute3="true" new_attribute4="replace(randomnumber)" new_attribute5="replace(randomnumber)" new_attribute6="replace(randomnumber)" new_attribute7="replace(randomnumber)" new_attribute8="replace(randomstring,100,400)" new_attribute9="replace(randomstarttime)" new_attribute10="replace(randomdate)" save_1="settag(contactid2,contact,entityid)" save_2="settype(contactidtype)">
				<task count="20" regardingobjectid.Id="getdyntag(contactid2)" regardingobjectid.LogicalName="getdyntag(contactidtype)" new_attribute1="replace(randomstring,10,20)" new_attribute2="replace(randomnumber,100000001,100000005)" new_attribute3="true" new_attribute4="replace(randomnumber)" new_attribute5="replace(randomnumber)" new_attribute6="replace(randomnumber)" new_attribute7="replace(randomnumber)" new_attribute8="replace(randomstring,100,400)" new_attribute9="replace(randomstarttime)" new_attribute10="replace(randomdate)" save_1="settag(contact_taskid2,activity,entityid)" save_2="settype(contact_taskidtype)">
          				<annotation count="1" objectid.Id="getdyntag(contact_taskid2)" objectid.LogicalName="getdyntag(contact_taskidtype)"></annotation>
        			</task>
        			<email count="14" sender="gettag(allsystemuserids,getrandom,systemuserid)" torecipients="gettag(allsystemuserids,getrandom,systemuserid)" regardingobjectid.Id="getdyntag(contactid2)" regardingobjectid.LogicalName="getdyntag(contactidtype)" from="gettag(allsystemuserids,getrandom,systemuserid)" to="gettag(allsystemuserids,getrandom,systemuserid)"></email>
			</contact>
		</account>
	</objectDist>
</DbPopConfig>
