<?xml version="1.0"?>
<!-- DB Pop for projected load scenario for this user role. -->
<!-- Max number of Post Follow are 500 records so creating around 400 to allow additional follow to be created. -->
<!-- In regular load, stats project a user in average creates 2 - 3 post/day. We are creating ~300 manual posts/user in this dbpop -->
<!-- Autopost will be created by the existing scenarios in this dbpop. -->
<DbPopConfig>
    	<exec threadCount="10"/>
    	<userGroups authentication="ActiveDirectory" ssl="false" domain="" webserver="" organization="" discoveryserver="">
    		<userGroup name="{0}\crmusr{1}" startIndex="201" count="120" password="T!T@n1130"/>
    	</userGroups>
    	<globalTags>
    		<tag name="allsystemuserids">
    			<query>
    				<column name="systemuserid"/>
    				<entity name="systemuser"/>
    			</query>
    		</tag>
    		<tag name="allproductids">
    			<query>
    				<column name="productid"/>
    				<column name="defaultuomid"/>
    				<entity name="product"/>
    			</query>
    		</tag>
    		<tag name="allpricelevelids">
    			<query>
    				<column name="pricelevelid"/>
    				<entity name="pricelevel"/>
    			</query>
    		</tag>
    		<tag name="allserviceids">
    			<query>
    				<column name="serviceid"/>
    				<entity name="service"/>
    			</query>
    		</tag>
    		<tag name="allequipment">
    			<query>
    				<column name="equipmentid"/>
    				<entity name="equipment"/>
    			</query>
    		</tag>
    		<tag name="allconnectionrole">
    			<query>
    				<column name="connectionroleid"/>
    				<entity name="connectionrole"/>
    				<filter>
    					<conditionexpression attributename="name" operator="equal" value="globalconnectionrole"/>
    				</filter>
    			</query>
    		</tag>
        	  	<tag name="allaccountids">
          	    		<query>
                  			<column name="accountid"/>
                  			<entity name="account"/>
          	    		</query>
        	  	</tag>
    	</globalTags>
    	<objectDist>
    		<recurringappointmentmaster count="1" requiredattendees="gettag(allsystemuserids,getrandom,systemuserid)" optionalattendees="gettag(allsystemuserids,getrandom,systemuserid)" recurrencepatterntype="0" patternendtype="1"/>
        	<recurringappointmentmaster count="1" requiredattendees="gettag(allsystemuserids,getrandom,systemuserid)" optionalattendees="gettag(allsystemuserids,getrandom,systemuserid)" recurrencepatterntype="1" daysofweekmask="replace(randomdaysofweekmask)" patternendtype="1"/>
        	<recurringappointmentmaster count="1" requiredattendees="gettag(allsystemuserids,getrandom,systemuserid)" optionalattendees="gettag(allsystemuserids,getrandom,systemuserid)" recurrencepatterntype="2" dayofmonth="replace(randomnumber,1,29)" patternendtype="1"/>
        	<recurringappointmentmaster count="1" requiredattendees="gettag(allsystemuserids,getrandom,systemuserid)" optionalattendees="gettag(allsystemuserids,getrandom,systemuserid)" recurrencepatterntype="3" monthofyear="replace(randomnumber,1,13)" dayofmonth="replace(randomnumber,1,29)" occurrences="replace(randomnumber,2,10)" patternendtype="2"/>
        	<recurringappointmentmaster count="3" subject="replace(randomsubject) + updatable object" requiredattendees="gettag(allsystemuserids,getrandom,systemuserid)" optionalattendees="gettag(allsystemuserids,getrandom,systemuserid)" recurrencepatterntype="1" daysofweekmask="3" patternendtype="1"/>
        	<recurringappointmentmaster count="3" subject="replace(randomsubject) + deletable object" requiredattendees="gettag(allsystemuserids,getrandom,systemuserid)" optionalattendees="gettag(allsystemuserids,getrandom,systemuserid)" recurrencepatterntype="1" daysofweekmask="3" patternendtype="1"/>
 		<account count="196" name="replace(randomstring,10,15) + connection object" new_attribute1="replace(randomstring,10,20)" new_attribute2="replace(randomnumber,100000001,100000005)" new_attribute3="true" new_attribute4="replace(randomnumber)" new_attribute5="replace(randomnumber)" new_attribute6="replace(randomnumber)" new_attribute7="replace(randomnumber)" new_attribute8="replace(randomstring,100,400)" new_attribute9="replace(randomstarttime)" new_attribute10="replace(randomdate)" new_flsperfattrib_boolean_0="true" new_flsperfattrib_datetime_0="replace(randomstarttime)" new_flsperfattrib_decimal_0="replace(randomnumber)" new_flsperfattrib_double_0="replace(randomnumber)" new_flsperfattrib_integer_0="replace(randomnumber)" new_flsperfattrib_memo_0="replace(randomstring,10,20)" new_flsperfattrib_money_0="replace(randomnumber)" new_flsperfattrib_picklist_0="replace(randomnumber,100000000,100000004)" new_flsperfattrib_string_0="replace(randomstring,10,20)" save_1="settag(connectionaccountid,account,entityid)" save_2="settype(accountidtype)">
			<post count="10" regardingobjectid.Id="getdyntag(connectionaccountid)" regardingobjectid.LogicalName="getdyntag(accountidtype)" source="2" save_1="settag(postid1,post,entityid)">
 				<postcomment count="2" postid.Id="getdyntag(postid1)"/>
 			</post>
        	</account>
  		<account count="100" name="replace(randomstring,10,15) + connection object" new_attribute1="replace(randomstring,10,20)" new_attribute2="replace(randomnumber,100000001,100000005)" new_attribute3="true" new_attribute4="replace(randomnumber)" new_attribute5="replace(randomnumber)" new_attribute6="replace(randomnumber)" new_attribute7="replace(randomnumber)" new_attribute8="replace(randomstring,100,400)" new_attribute9="replace(randomstarttime)" new_attribute10="replace(randomdate)" new_flsperfattrib_boolean_0="true" new_flsperfattrib_datetime_0="replace(randomstarttime)" new_flsperfattrib_decimal_0="replace(randomnumber)" new_flsperfattrib_double_0="replace(randomnumber)" new_flsperfattrib_integer_0="replace(randomnumber)" new_flsperfattrib_memo_0="replace(randomstring,10,20)" new_flsperfattrib_money_0="replace(randomnumber)" new_flsperfattrib_picklist_0="replace(randomnumber,100000000,100000004)" new_flsperfattrib_string_0="replace(randomstring,10,20)" save_1="settag(connectionaccountid,account,entityid)" save_2="settype(accountidtype)">
    			<postfollow count="1" regardingobjectid.Id="getdyntag(connectionaccountid)" regardingobjectid.LogicalName="getdyntag(accountidtype)"/>
  			<post count="10" regardingobjectid.Id="getdyntag(connectionaccountid)" regardingobjectid.LogicalName="getdyntag(accountidtype)" source="2" save_1="settag(postid1,post,entityid)">
     				<postcomment count="2" postid.Id="getdyntag(postid1)"/>
    			</post>
        		</account>
 	     		<contact count="134" lastname="replace(randomstring,5,10) + connection object" parentcustomerid.Id="getdyntag(connectionaccountid,getrandom,entityid)" parentcustomerid.LogicalName="getdyntag(accountidtype)" new_attribute1="replace(randomstring,10,20)" new_attribute2="replace(randomnumber,100000001,100000005)" new_attribute3="true" new_attribute4="replace(randomnumber)" new_attribute5="replace(randomnumber)" new_attribute6="replace(randomnumber)" new_attribute7="replace(randomnumber)" new_attribute8="replace(randomstring,100,400)" new_attribute9="replace(randomstarttime)" new_attribute10="replace(randomdate)" new_flsperfattrib_boolean_0="true" new_flsperfattrib_datetime_0="replace(randomstarttime)" new_flsperfattrib_decimal_0="replace(randomnumber)" new_flsperfattrib_double_0="replace(randomnumber)" new_flsperfattrib_integer_0="replace(randomnumber)" new_flsperfattrib_memo_0="replace(randomstring,10,20)" new_flsperfattrib_money_0="replace(randomnumber)" new_flsperfattrib_picklist_0="replace(randomnumber,100000000,100000004)" new_flsperfattrib_string_0="replace(randomstring,10,20)" save_1="settag(connectioncontactid,contact,entityid)" save_2="settype(contactidtype)">
        		</contact>
  		<contact count="100" lastname="replace(randomstring,5,10) + connection object" parentcustomerid.Id="getdyntag(connectionaccountid,getrandom,entityid)" parentcustomerid.LogicalName="getdyntag(accountidtype)" new_attribute1="replace(randomstring,10,20)" new_attribute2="replace(randomnumber,100000001,100000005)" new_attribute3="true" new_attribute4="replace(randomnumber)" new_attribute5="replace(randomnumber)" new_attribute6="replace(randomnumber)" new_attribute7="replace(randomnumber)" new_attribute8="replace(randomstring,100,400)" new_attribute9="replace(randomstarttime)" new_attribute10="replace(randomdate)" new_flsperfattrib_boolean_0="true" new_flsperfattrib_datetime_0="replace(randomstarttime)" new_flsperfattrib_decimal_0="replace(randomnumber)" new_flsperfattrib_double_0="replace(randomnumber)" new_flsperfattrib_integer_0="replace(randomnumber)" new_flsperfattrib_memo_0="replace(randomstring,10,20)" new_flsperfattrib_money_0="replace(randomnumber)" new_flsperfattrib_picklist_0="replace(randomnumber,100000000,100000004)" new_flsperfattrib_string_0="replace(randomstring,10,20)" save_1="settag(connectioncontactid,contact,entityid)" save_2="settype(contactidtype)">
    			<postfollow count="1" regardingobjectid.Id="getdyntag(connectioncontactid)" regardingobjectid.LogicalName="getdyntag(contactidtype)"/>
    			<post count="1" regardingobjectid.Id="getdyntag(connectioncontactid)" regardingobjectid.LogicalName="getdyntag(contactidtype)" source="2" save_1="settag(postid1,post,entityid)">
    				<postcomment count="2" postid.Id="getdyntag(postid1)"/>
    			</post>
        		</contact>
        		<opportunity count="1" name="replace(randomstring,10,15) + connection object" customerid.Id="getdyntag(connectionaccountid,getrandom,entityid)" customerid.LogicalName="getdyntag(accountidtype)" pricelevelid.Id="gettag(allpricelevelids,getrandom,pricelevelid)" new_flsperfattrib_boolean_0="true" new_flsperfattrib_datetime_0="replace(randomstarttime)" new_flsperfattrib_decimal_0="replace(randomnumber)" new_flsperfattrib_double_0="replace(randomnumber)" new_flsperfattrib_integer_0="replace(randomnumber)" new_flsperfattrib_memo_0="replace(randomstring,10,20)" new_flsperfattrib_money_0="replace(randomnumber)" new_flsperfattrib_picklist_0="replace(randomnumber,100000000,100000004)" new_flsperfattrib_string_0="replace(randomstring,10,20)" save_1="settag(connectionopportunityid,opportunity,entityid)" save_2="settype(opportunityidtype)" actualvalue_base="replace(randomnumber,10,300)" estimatedvalue_base="replace(randomnumber,10,300)" isrevenuesystemcalculated="0">
        		</opportunity>
        		<lead count="1300" new_flsperfattrib_boolean_0="true" new_flsperfattrib_datetime_0="replace(randomstarttime)" new_flsperfattrib_decimal_0="replace(randomnumber)" new_flsperfattrib_double_0="replace(randomnumber)" new_flsperfattrib_integer_0="replace(randomnumber)" new_flsperfattrib_memo_0="replace(randomstring,10,20)" new_flsperfattrib_money_0="replace(randomnumber)" new_flsperfattrib_picklist_0="replace(randomnumber,100000000,100000004)" new_flsperfattrib_string_0="replace(randomstring,10,20)" save_1="settag(leadid,lead,entityid)" save_2="settype(leadidtype)"/>
    		<lead count="100" new_flsperfattrib_boolean_0="true" new_flsperfattrib_datetime_0="replace(randomstarttime)" new_flsperfattrib_decimal_0="replace(randomnumber)" new_flsperfattrib_double_0="replace(randomnumber)" new_flsperfattrib_integer_0="replace(randomnumber)" new_flsperfattrib_memo_0="replace(randomstring,10,20)" new_flsperfattrib_money_0="replace(randomnumber)" new_flsperfattrib_picklist_0="replace(randomnumber,100000000,100000004)" new_flsperfattrib_string_0="replace(randomstring,10,20)" save_1="settag(leadid,lead,entityid)" save_2="settype(leadidtype)">
    			<postfollow count="1" regardingobjectid.Id="getdyntag(leadid)" regardingobjectid.LogicalName="getdyntag(leadidtype)"/>
    			<post count="1" regardingobjectid.Id="getdyntag(leadid)" regardingobjectid.LogicalName="getdyntag(leadidtype)" source="2" save_1="settag(postid1,post,entityid)">
    				<postcomment count="2" postid.Id="getdyntag(postid1)"/>
    			</post>
    		</lead>
    		<lead count="22" new_flsperfattrib_boolean_0="true" new_flsperfattrib_datetime_0="replace(randomstarttime)" new_flsperfattrib_decimal_0="replace(randomnumber)" new_flsperfattrib_double_0="replace(randomnumber)" new_flsperfattrib_integer_0="replace(randomnumber)" new_flsperfattrib_memo_0="replace(randomstring,10,20)" new_flsperfattrib_money_0="replace(randomnumber)" new_flsperfattrib_picklist_0="replace(randomnumber,100000000,100000004)" new_flsperfattrib_string_0="replace(randomstring,10,20)" save_1="settag(leadid,lead,entityid)" save_2="settype(leadidtype)">
    			<phonecall count="5" regardingobjectid.Id="getdyntag(leadid)" regardingobjectid.LogicalName="getdyntag(leadidtype)" from="gettag(allsystemuserids,getrandom,systemuserid)" to="gettag(allsystemuserids,getrandom,systemuserid)" statecode="1"/>
    		</lead>
  		<account count="15" new_attribute1="replace(randomstring,10,20)" new_attribute2="replace(randomnumber,100000001,100000005)" new_attribute3="true" new_attribute4="replace(randomnumber)" new_attribute5="replace(randomnumber)" new_attribute6="replace(randomnumber)" new_attribute7="replace(randomnumber)" new_attribute8="replace(randomstring,100,400)" new_attribute9="replace(randomstarttime)" new_attribute10="replace(randomdate)" new_flsperfattrib_boolean_0="true" new_flsperfattrib_datetime_0="replace(randomstarttime)" new_flsperfattrib_decimal_0="replace(randomnumber)" new_flsperfattrib_double_0="replace(randomnumber)" new_flsperfattrib_integer_0="replace(randomnumber)" new_flsperfattrib_memo_0="replace(randomstring,10,20)" new_flsperfattrib_money_0="replace(randomnumber)" new_flsperfattrib_picklist_0="replace(randomnumber,100000000,100000004)" new_flsperfattrib_string_0="replace(randomstring,10,20)" save_1="settag(accountid,account,entityid)" save_2="settype(accountidtype)" revenue="replace(randomnumber,10,300)">
          			<appointment count="21" requiredattendees="gettag(allsystemuserids,getrandom,systemuserid)" regardingobjectid.Id="getdyntag(accountid)" regardingobjectid.LogicalName="getdyntag(accountidtype)"/>
          			<connection count="2" record1id.Id="getdyntag(connectionaccountid,getrandom,entityid)" record1id.LogicalName="getdyntag(accountidtype)" record2id.Id="getdyntag(accountid)" record2id.LogicalName="getdyntag(accountidtype)" record1roleid.Id="gettag(allconnectionrole,getrandom,connectionroleid)" record2roleid.Id="getdyntag(allconnectionrole,getrandom,connectionroleid)"/>
          			<connection count="7" record1id.Id="getdyntag(connectioncontactid,getrandom,entityid)" record1id.LogicalName="getdyntag(contactidtype)" record2id.Id="getdyntag(accountid)" record2id.LogicalName="getdyntag(accountidtype)" record1roleid.Id="gettag(allconnectionrole,getrandom,connectionroleid)" record2roleid.Id="getdyntag(allconnectionrole,getrandom,connectionroleid)"/>
          			<connection count="2" record1id.Id="getdyntag(connectionopportunityid,getrandom,entityid)" record1id.LogicalName="getdyntag(opportunityidtype)" record2id.Id="getdyntag(accountid)" record2id.LogicalName="getdyntag(accountidtype)" record1roleid.Id="gettag(allconnectionrole,getrandom,connectionroleid)" record2roleid.Id="getdyntag(allconnectionrole,getrandom,connectionroleid)"/>
          			<connection count="3" record1id.Id="gettag(allsystemuserids,getrandom,systemuserid)" record1id.LogicalName="systemuser" record2id.Id="getdyntag(accountid)" record2id.LogicalName="getdyntag(accountidtype)" record1roleid.Id="gettag(allconnectionrole,getrandom,connectionroleid)" record2roleid.Id="gettag(allconnectionrole,getrandom,connectionroleid)"/>
          			<fax count="5" regardingobjectid.Id="getdyntag(accountid)" regardingobjectid.LogicalName="getdyntag(accountidtype)" from="gettag(allsystemuserids,getrandom,systemuserid)" to="gettag(allsystemuserids,getrandom,systemuserid)"/>
          			<letter count="5" regardingobjectid.Id="getdyntag(accountid)" regardingobjectid.LogicalName="getdyntag(accountidtype)" from="gettag(allsystemuserids,getrandom,systemuserid)" to="gettag(allsystemuserids,getrandom,systemuserid)"/>
          			<phonecall count="5" regardingobjectid.Id="getdyntag(accountid)" regardingobjectid.LogicalName="getdyntag(accountidtype)" from="gettag(allsystemuserids,getrandom,systemuserid)" to="gettag(allsystemuserids,getrandom,systemuserid)"/>
          			<opportunity count="3" stepname="replace(randompipelinephasename)" customerid.Id="getdyntag(accountid)" customerid.LogicalName="getdyntag(accountidtype)" pricelevelid.Id="gettag(allpricelevelids,getrandom,pricelevelid)" new_flsperfattrib_boolean_0="true" new_flsperfattrib_datetime_0="replace(randomstarttime)" new_flsperfattrib_decimal_0="replace(randomnumber)" new_flsperfattrib_double_0="replace(randomnumber)" new_flsperfattrib_integer_0="replace(randomnumber)" new_flsperfattrib_memo_0="replace(randomstring,10,20)" new_flsperfattrib_money_0="replace(randomnumber)" new_flsperfattrib_picklist_0="replace(randomnumber,100000000,100000004)" new_flsperfattrib_string_0="replace(randomstring,10,20)" save_1="settag(opportunityid1,opportunity,entityid)" save_2="settype(opportunityid1type)" statecode="1" actualvalue_base="replace(randomnumber,10,300)" estimatedvalue_base="replace(randomnumber,10,300)" isrevenuesystemcalculated="0">
            			<opportunityproduct count="1" opportunityid.Id="getdyntag(opportunityid1)" productid.Id="gettag(allproductids,getrandom,productid)" uomid.Id="gettag(allproductids,getfiltered,defaultuomid.Id,productid.Id)"></opportunityproduct>
            			<quote count="2" customerid.Id="getdyntag(accountid)" customerid.LogicalName="getdyntag(accountidtype)" pricelevelid.Id="gettag(allpricelevelids,getrandom,pricelevelid)" opportunityid.Id="getdyntag(opportunityid1)" save_1="settag(quoteid1,quote,entityid)" statecode="3">
              				<quotedetail count="1" quoteid.Id="getdyntag(quoteid1)" productid.Id="gettag(allproductids,getrandom,productid)" uomid.Id="gettag(allproductids,getfiltered,defaultuomid.Id,productid.Id)"></quotedetail>
            			</quote>
            			<quote count="1" customerid.Id="getdyntag(accountid)" customerid.LogicalName="getdyntag(accountidtype)" pricelevelid.Id="gettag(allpricelevelids,getrandom,pricelevelid)" opportunityid.Id="getdyntag(opportunityid1)" statecode="2">
            			</quote>
            			<annotation count="1" objectid.Id="getdyntag(opportunityid1)" objectid.LogicalName="getdyntag(opportunityid1type)"></annotation>
    				<post count="1" regardingobjectid.Id="getdyntag(opportunityid1)" regardingobjectid.LogicalName="getdyntag(opportunityid1type)" source="2" save_1="settag(postid1,post,entityid)">
    					<postcomment count="2" postid.Id="getdyntag(postid1)"/>
    				</post>
    				<postfollow count="1" regardingobjectid.Id="getdyntag(opportunityid1)" regardingobjectid.LogicalName="getdyntag(opportunityid1type)"/>
          			</opportunity>
          			<opportunity count="3" stepname="replace(randompipelinephasename)" customerid.Id="getdyntag(accountid)" customerid.LogicalName="getdyntag(accountidtype)" pricelevelid.Id="gettag(allpricelevelids,getrandom,pricelevelid)" new_flsperfattrib_boolean_0="true" new_flsperfattrib_datetime_0="replace(randomstarttime)" new_flsperfattrib_decimal_0="replace(randomnumber)" new_flsperfattrib_double_0="replace(randomnumber)" new_flsperfattrib_integer_0="replace(randomnumber)" new_flsperfattrib_memo_0="replace(randomstring,10,20)" new_flsperfattrib_money_0="replace(randomnumber)" new_flsperfattrib_picklist_0="replace(randomnumber,100000000,100000004)" new_flsperfattrib_string_0="replace(randomstring,10,20)" save_1="settag(opportunityid1,opportunity,entityid)" save_2="settype(opportunityid1type)" statecode="2" actualvalue_base="replace(randomnumber,10,300)" estimatedvalue_base="replace(randomnumber,10,300)" isrevenuesystemcalculated="0">
            			<opportunityproduct count="1" opportunityid.Id="getdyntag(opportunityid1)" productid.Id="gettag(allproductids,getrandom,productid)" uomid.Id="gettag(allproductids,getfiltered,defaultuomid.Id,productid.Id)"></opportunityproduct>
            			<quote count="2" customerid.Id="getdyntag(accountid)" customerid.LogicalName="getdyntag(accountidtype)" pricelevelid.Id="gettag(allpricelevelids,getrandom,pricelevelid)" opportunityid.Id="getdyntag(opportunityid1)" save_1="settag(quoteid1,quote,entityid)" statecode="3">
              				<quotedetail count="1" quoteid.Id="getdyntag(quoteid1)" productid.Id="gettag(allproductids,getrandom,productid)" uomid.Id="gettag(allproductids,getfiltered,defaultuomid.Id,productid.Id)"></quotedetail>
            			</quote>
            			<quote count="1" customerid.Id="getdyntag(accountid)" customerid.LogicalName="getdyntag(accountidtype)" pricelevelid.Id="gettag(allpricelevelids,getrandom,pricelevelid)" opportunityid.Id="getdyntag(opportunityid1)" statecode="2">
            			</quote>
            			<annotation count="1" objectid.Id="getdyntag(opportunityid1)" objectid.LogicalName="getdyntag(opportunityid1type)"></annotation>
    				<post count="1" regardingobjectid.Id="getdyntag(opportunityid1)" regardingobjectid.LogicalName="getdyntag(opportunityid1type)" source="2" save_1="settag(postid1,post,entityid)">
    					<postcomment count="2" postid.Id="getdyntag(postid1)"/>
    				</post>
    				<postfollow count="1" regardingobjectid.Id="getdyntag(opportunityid1)" regardingobjectid.LogicalName="getdyntag(opportunityid1type)"/>
          			</opportunity>
          			<opportunity count="2" stepname="replace(randompipelinephasename)" customerid.Id="getdyntag(accountid)" customerid.LogicalName="getdyntag(accountidtype)" pricelevelid.Id="gettag(allpricelevelids,getrandom,pricelevelid)" new_flsperfattrib_boolean_0="true" new_flsperfattrib_datetime_0="replace(randomstarttime)" new_flsperfattrib_decimal_0="replace(randomnumber)" new_flsperfattrib_double_0="replace(randomnumber)" new_flsperfattrib_integer_0="replace(randomnumber)" new_flsperfattrib_memo_0="replace(randomstring,10,20)" new_flsperfattrib_money_0="replace(randomnumber)" new_flsperfattrib_picklist_0="replace(randomnumber,100000000,100000004)" new_flsperfattrib_string_0="replace(randomstring,10,20)" save_1="settag(opportunityid1,opportunity,entityid)" save_2="settype(opportunityid1type)" actualvalue_base="replace(randomnumber,10,300)" estimatedvalue_base="replace(randomnumber,10,300)" isrevenuesystemcalculated="0">
            			<opportunityproduct count="1" opportunityid.Id="getdyntag(opportunityid1)" productid.Id="gettag(allproductids,getrandom,productid)" uomid.Id="gettag(allproductids,getfiltered,defaultuomid.Id,productid.Id)"></opportunityproduct>
           		 		<quote count="3" customerid.Id="getdyntag(accountid)" customerid.LogicalName="getdyntag(accountidtype)" pricelevelid.Id="gettag(allpricelevelids,getrandom,pricelevelid)" opportunityid.Id="getdyntag(opportunityid1)" save_1="settag(quoteid1,quote,entityid)" statecode="3">
              				<quotedetail count="1" quoteid.Id="getdyntag(quoteid1)" productid.Id="gettag(allproductids,getrandom,productid)" uomid.Id="gettag(allproductids,getfiltered,defaultuomid.Id,productid.Id)"></quotedetail>
            			</quote>
            			<annotation count="1" objectid.Id="getdyntag(opportunityid1)" objectid.LogicalName="getdyntag(opportunityid1type)"></annotation>
          			</opportunity>
          			<invoice count="40" customerid.Id="getdyntag(accountid)" customerid.LogicalName="getdyntag(accountidtype)" pricelevelid.Id="gettag(allpricelevelids,getrandom,pricelevelid)" save_1="settag(invoiceid,invoice,entityid)">
           		 		<invoicedetail count="1" invoiceid.Id="getdyntag(invoiceid)" productid.Id="gettag(allproductids,getrandom,productid)" uomid.Id="gettag(allproductids,getfiltered,defaultuomid.Id,productid.Id)"/>
          			</invoice>
          			<salesorder count="8" customerid.Id="getdyntag(accountid)" customerid.LogicalName="getdyntag(accountidtype)" pricelevelid.Id="gettag(allpricelevelids,getrandom,pricelevelid)" save_1="settag(salesorderid1,salesorder,entityid)">
            			<salesorderdetail count="5" salesorderid.Id="getdyntag(salesorderid1)" productid.Id="gettag(allproductids,getrandom,productid)" uomid.Id="gettag(allproductids,getfiltered,defaultuomid.Id,productid.Id)"></salesorderdetail>
          			</salesorder>
          			<salesorder count="24" customerid.Id="getdyntag(accountid)" customerid.LogicalName="getdyntag(accountidtype)" pricelevelid.Id="gettag(allpricelevelids,getrandom,pricelevelid)" statecode="3">
          			</salesorder>
          			<salesorder count="8" customerid.Id="getdyntag(accountid)" customerid.LogicalName="getdyntag(accountidtype)" pricelevelid.Id="gettag(allpricelevelids,getrandom,pricelevelid)" statecode="2">
          			</salesorder>
          			<annotation count="1" objectid.Id="getdyntag(accountid)" objectid.LogicalName="getdyntag(accountidtype)"></annotation>
        			<task count="2" regardingobjectid.Id="getdyntag(accountid)" regardingobjectid.LogicalName="getdyntag(accountidtype)" new_attribute1="replace(randomstring,10,20)" new_attribute2="replace(randomnumber,100000001,100000005)" new_attribute3="true" new_attribute4="replace(randomnumber)" new_attribute5="replace(randomnumber)" new_attribute6="replace(randomnumber)" new_attribute7="replace(randomnumber)" new_attribute8="replace(randomstring,100,400)" new_attribute9="replace(randomstarttime)" new_attribute10="replace(randomdate)" save_1="settag(taskid,activity,entityid)" save_2="settype(taskidtype)">
            			<annotation count="1" objectid.Id="getdyntag(taskid)" objectid.LogicalName="getdyntag(taskidtype)"></annotation>
          			</task>
       	 		<task count="12" regardingobjectid.Id="getdyntag(accountid)" regardingobjectid.LogicalName="getdyntag(accountidtype)" new_attribute1="replace(randomstring,10,20)" new_attribute2="replace(randomnumber,100000001,100000005)" new_attribute3="true" new_attribute4="replace(randomnumber)" new_attribute5="replace(randomnumber)" new_attribute6="replace(randomnumber)" new_attribute7="replace(randomnumber)" new_attribute8="replace(randomstring,100,400)" new_attribute9="replace(randomstarttime)" new_attribute10="replace(randomdate)" save_1="settag(taskid,activity,entityid)" save_2="settype(taskidtype)" statecode="1">
            		<annotation count="1" objectid.Id="getdyntag(taskid)" objectid.LogicalName="getdyntag(taskidtype)"></annotation>
          			</task>
        			<task count="6" regardingobjectid.Id="getdyntag(accountid)" regardingobjectid.LogicalName="getdyntag(accountidtype)" new_attribute1="replace(randomstring,10,20)" new_attribute2="replace(randomnumber,100000001,100000005)" new_attribute3="true" new_attribute4="replace(randomnumber)" new_attribute5="replace(randomnumber)" new_attribute6="replace(randomnumber)" new_attribute7="replace(randomnumber)" new_attribute8="replace(randomstring,100,400)" new_attribute9="replace(randomstarttime)" new_attribute10="replace(randomdate)" save_1="settag(taskid,activity,entityid)" save_2="settype(taskidtype)" statecode="2">
            			<annotation count="1" objectid.Id="getdyntag(taskid)" objectid.LogicalName="getdyntag(taskidtype)"></annotation>
          			</task>
          			<email count="14" sender="gettag(allsystemuserids,getrandom,systemuserid)" torecipients="gettag(allsystemuserids,getrandom,systemuserid)" regardingobjectid.Id="getdyntag(accountid)" regardingobjectid.LogicalName="getdyntag(accountidtype)" from="gettag(allsystemuserids,getrandom,systemuserid)" to="gettag(allsystemuserids,getrandom,systemuserid)"></email>
  			<contact count="3" parentcustomerid.Id="getdyntag(accountid)" parentcustomerid.LogicalName="getdyntag(accountidtype)" new_attribute1="replace(randomstring,10,20)" new_attribute2="replace(randomnumber,100000001,100000005)" new_attribute3="true" new_attribute4="replace(randomnumber)" new_attribute5="replace(randomnumber)" new_attribute6="replace(randomnumber)" new_attribute7="replace(randomnumber)" new_attribute8="replace(randomstring,100,400)" new_attribute9="replace(randomstarttime)" new_attribute10="replace(randomdate)" new_flsperfattrib_boolean_0="true" new_flsperfattrib_datetime_0="replace(randomstarttime)" new_flsperfattrib_decimal_0="replace(randomnumber)" new_flsperfattrib_double_0="replace(randomnumber)" new_flsperfattrib_integer_0="replace(randomnumber)" new_flsperfattrib_memo_0="replace(randomstring,10,20)" new_flsperfattrib_money_0="replace(randomnumber)" new_flsperfattrib_picklist_0="replace(randomnumber,100000000,100000004)" new_flsperfattrib_string_0="replace(randomstring,10,20)" save_1="settag(contactid,contact,entityid)" save_2="settype(contactidtype)">
            			<opportunity count="2" stepname="replace(randompipelinephasename)" customerid.Id="getdyntag(contactid)" customerid.LogicalName="getdyntag(contactidtype)" pricelevelid.Id="gettag(allpricelevelids,getrandom,pricelevelid)" new_flsperfattrib_boolean_0="true" new_flsperfattrib_datetime_0="replace(randomstarttime)" new_flsperfattrib_decimal_0="replace(randomnumber)" new_flsperfattrib_double_0="replace(randomnumber)" new_flsperfattrib_integer_0="replace(randomnumber)" new_flsperfattrib_memo_0="replace(randomstring,10,20)" new_flsperfattrib_money_0="replace(randomnumber)" new_flsperfattrib_picklist_0="replace(randomnumber,100000000,100000004)" new_flsperfattrib_string_0="replace(randomstring,10,20)" save_1="settag(contact_opportunityid1,opportunity,entityid)" save_2="settype(contact_opportunityid1type)" statecode="1" actualvalue_base="replace(randomnumber,10,300)" estimatedvalue_base="replace(randomnumber,10,300)" isrevenuesystemcalculated="0">
              				<opportunityproduct count="1" opportunityid.Id="getdyntag(contact_opportunityid1)" productid.Id="gettag(allproductids,getrandom,productid)" uomid.Id="gettag(allproductids,getfiltered,defaultuomid.Id,productid.Id)"/>
              				<annotation count="1" objectid.Id="getdyntag(contact_opportunityid1)" objectid.LogicalName="getdyntag(contact_opportunityid1type)"></annotation>
            			</opportunity>
            			<opportunity count="2" stepname="replace(randompipelinephasename)" customerid.Id="getdyntag(contactid)" customerid.LogicalName="getdyntag(contactidtype)" pricelevelid.Id="gettag(allpricelevelids,getrandom,pricelevelid)" new_flsperfattrib_boolean_0="true" new_flsperfattrib_datetime_0="replace(randomstarttime)" new_flsperfattrib_decimal_0="replace(randomnumber)" new_flsperfattrib_double_0="replace(randomnumber)" new_flsperfattrib_integer_0="replace(randomnumber)" new_flsperfattrib_memo_0="replace(randomstring,10,20)" new_flsperfattrib_money_0="replace(randomnumber)" new_flsperfattrib_picklist_0="replace(randomnumber,100000000,100000004)" new_flsperfattrib_string_0="replace(randomstring,10,20)" save_1="settag(contact_opportunityid2,opportunity,entityid)" save_2="settype(contact_opportunityid2type)" statecode="2" actualvalue_base="replace(randomnumber,10,300)" estimatedvalue_base="replace(randomnumber,10,300)" isrevenuesystemcalculated="0">
              				<opportunityproduct count="1" opportunityid.Id="getdyntag(contact_opportunityid2)" productid.Id="gettag(allproductids,getrandom,productid)" uomid.Id="gettag(allproductids,getfiltered,defaultuomid.Id,productid.Id)"/>
              				<annotation count="1" objectid.Id="getdyntag(contact_opportunityid2)" objectid.LogicalName="getdyntag(contact_opportunityid2type)"></annotation>
            			</opportunity>
            			<opportunity count="1" stepname="replace(randompipelinephasename)" customerid.Id="getdyntag(contactid)" customerid.LogicalName="getdyntag(contactidtype)" pricelevelid.Id="gettag(allpricelevelids,getrandom,pricelevelid)" new_flsperfattrib_boolean_0="true" new_flsperfattrib_datetime_0="replace(randomstarttime)" new_flsperfattrib_decimal_0="replace(randomnumber)" new_flsperfattrib_double_0="replace(randomnumber)" new_flsperfattrib_integer_0="replace(randomnumber)" new_flsperfattrib_memo_0="replace(randomstring,10,20)" new_flsperfattrib_money_0="replace(randomnumber)" new_flsperfattrib_picklist_0="replace(randomnumber,100000000,100000004)" new_flsperfattrib_string_0="replace(randomstring,10,20)" save_1="settag(contact_opportunityid3,opportunity,entityid)" save_2="settype(contact_opportunityid3type)">
              				<opportunityproduct count="1" opportunityid.Id="getdyntag(contact_opportunityid3)" productid.Id="gettag(allproductids,getrandom,productid)" uomid.Id="gettag(allproductids,getfiltered,defaultuomid.Id,productid.Id)"/>
              				<annotation count="1" objectid.Id="getdyntag(contact_opportunityid3)" objectid.LogicalName="getdyntag(contact_opportunityid3type)"></annotation>
            			</opportunity>
            			<annotation count="1" objectid.Id="getdyntag(contactid)" objectid.LogicalName="getdyntag(contactidtype)"></annotation>
          			<task count="2" regardingobjectid.Id="getdyntag(contactid)" regardingobjectid.LogicalName="getdyntag(contactidtype)" new_attribute1="replace(randomstring,10,20)" new_attribute2="replace(randomnumber,100000001,100000005)" new_attribute3="true" new_attribute4="replace(randomnumber)" new_attribute5="replace(randomnumber)" new_attribute6="replace(randomnumber)" new_attribute7="replace(randomnumber)" new_attribute8="replace(randomstring,100,400)" new_attribute9="replace(randomstarttime)" new_attribute10="replace(randomdate)" save_1="settag(contact_taskid,activity,entityid)" save_2="settype(contact_taskidtype)">
              				<annotation count="1" objectid.Id="getdyntag(contact_taskid)" objectid.LogicalName="getdyntag(contact_taskidtype)"></annotation>
            			</task>
          			<task count="12" regardingobjectid.Id="getdyntag(contactid)" regardingobjectid.LogicalName="getdyntag(contactidtype)" new_attribute1="replace(randomstring,10,20)" new_attribute2="replace(randomnumber,100000001,100000005)" new_attribute3="true" new_attribute4="replace(randomnumber)" new_attribute5="replace(randomnumber)" new_attribute6="replace(randomnumber)" new_attribute7="replace(randomnumber)" new_attribute8="replace(randomstring,100,400)" new_attribute9="replace(randomstarttime)" new_attribute10="replace(randomdate)" save_1="settag(contact_taskid,activity,entityid)" save_2="settype(contact_taskidtype)" statecode="1">
              				<annotation count="1" objectid.Id="getdyntag(contact_taskid)" objectid.LogicalName="getdyntag(contact_taskidtype)"></annotation>
            			</task>
          			<task count="6" regardingobjectid.Id="getdyntag(contactid)" regardingobjectid.LogicalName="getdyntag(contactidtype)" new_attribute1="replace(randomstring,10,20)" new_attribute2="replace(randomnumber,100000001,100000005)" new_attribute3="true" new_attribute4="replace(randomnumber)" new_attribute5="replace(randomnumber)" new_attribute6="replace(randomnumber)" new_attribute7="replace(randomnumber)" new_attribute8="replace(randomstring,100,400)" new_attribute9="replace(randomstarttime)" new_attribute10="replace(randomdate)" save_1="settag(contact_taskid,activity,entityid)" save_2="settype(contact_taskidtype)" statecode="2">
              				<annotation count="1" objectid.Id="getdyntag(contact_taskid)" objectid.LogicalName="getdyntag(contact_taskidtype)"></annotation>
            			</task>
            			<email count="14" sender="gettag(allsystemuserids,getrandom,systemuserid)" torecipients="gettag(allsystemuserids,getrandom,systemuserid)" regardingobjectid.Id="getdyntag(contactid)" regardingobjectid.LogicalName="getdyntag(contactidtype)" from="gettag(allsystemuserids,getrandom,systemuserid)" to="gettag(allsystemuserids,getrandom,systemuserid)"></email>
          			</contact>
        			<contact count="1" firstname="getdyntag(accountid)" lastname="getdyntag(accountid)" parentcustomerid.Id="getdyntag(accountid)" parentcustomerid.LogicalName="getdyntag(accountidtype)" new_attribute1="replace(randomstring,10,20)" new_attribute2="replace(randomnumber,100000001,100000005)" new_attribute3="true" new_attribute4="replace(randomnumber)" new_attribute5="replace(randomnumber)" new_attribute6="replace(randomnumber)" new_attribute7="replace(randomnumber)" new_attribute8="replace(randomstring,100,400)" new_attribute9="replace(randomstarttime)" new_attribute10="replace(randomdate)" new_flsperfattrib_boolean_0="true" new_flsperfattrib_datetime_0="replace(randomstarttime)" new_flsperfattrib_decimal_0="replace(randomnumber)" new_flsperfattrib_double_0="replace(randomnumber)" new_flsperfattrib_integer_0="replace(randomnumber)" new_flsperfattrib_memo_0="replace(randomstring,10,20)" new_flsperfattrib_money_0="replace(randomnumber)" new_flsperfattrib_picklist_0="replace(randomnumber,100000000,100000004)" new_flsperfattrib_string_0="replace(randomstring,10,20)" save_1="settag(contactid,contact,entityid)" save_2="settype(contactidtype)">
            			<opportunity count="2" customerid.Id="getdyntag(contactid)" stepname="replace(randompipelinephasename)" customerid.LogicalName="getdyntag(contactidtype)" pricelevelid.Id="gettag(allpricelevelids,getrandom,pricelevelid)" new_flsperfattrib_boolean_0="true" new_flsperfattrib_datetime_0="replace(randomstarttime)" new_flsperfattrib_decimal_0="replace(randomnumber)" new_flsperfattrib_double_0="replace(randomnumber)" new_flsperfattrib_integer_0="replace(randomnumber)" new_flsperfattrib_memo_0="replace(randomstring,10,20)" new_flsperfattrib_money_0="replace(randomnumber)" new_flsperfattrib_picklist_0="replace(randomnumber,100000000,100000004)" new_flsperfattrib_string_0="replace(randomstring,10,20)" save_1="settag(contact_opportunityid1,opportunity,entityid)" save_2="settype(contact_opportunityid1type)" statecode="1" actualvalue_base="replace(randomnumber,10,300)" estimatedvalue_base="replace(randomnumber,10,300)" isrevenuesystemcalculated="0">
              				<opportunityproduct count="1" opportunityid.Id="getdyntag(contact_opportunityid1)" productid.Id="gettag(allproductids,getrandom,productid)" uomid.Id="gettag(allproductids,getfiltered,defaultuomid.Id,productid.Id)"/>
              				<annotation count="1" objectid.Id="getdyntag(contact_opportunityid1)" objectid.LogicalName="getdyntag(contact_opportunityid1type)"></annotation>
            			</opportunity>
            			<opportunity count="2" customerid.Id="getdyntag(contactid)" stepname="replace(randompipelinephasename)" customerid.LogicalName="getdyntag(contactidtype)" pricelevelid.Id="gettag(allpricelevelids,getrandom,pricelevelid)" new_flsperfattrib_boolean_0="true" new_flsperfattrib_datetime_0="replace(randomstarttime)" new_flsperfattrib_decimal_0="replace(randomnumber)" new_flsperfattrib_double_0="replace(randomnumber)" new_flsperfattrib_integer_0="replace(randomnumber)" new_flsperfattrib_memo_0="replace(randomstring,10,20)" new_flsperfattrib_money_0="replace(randomnumber)" new_flsperfattrib_picklist_0="replace(randomnumber,100000000,100000004)" new_flsperfattrib_string_0="replace(randomstring,10,20)" save_1="settag(contact_opportunityid1,opportunity,entityid)" save_2="settype(contact_opportunityid1type)" statecode="2" actualvalue_base="replace(randomnumber,10,300)" estimatedvalue_base="replace(randomnumber,10,300)" isrevenuesystemcalculated="0">
              				<opportunityproduct count="1" opportunityid.Id="getdyntag(contact_opportunityid1)" productid.Id="gettag(allproductids,getrandom,productid)" uomid.Id="gettag(allproductids,getfiltered,defaultuomid.Id,productid.Id)"/>
              				<annotation count="1" objectid.Id="getdyntag(contact_opportunityid1)" objectid.LogicalName="getdyntag(contact_opportunityid1type)"></annotation>
            			</opportunity>
            			<opportunity count="1" customerid.Id="getdyntag(contactid)" stepname="replace(randompipelinephasename)" customerid.LogicalName="getdyntag(contactidtype)" pricelevelid.Id="gettag(allpricelevelids,getrandom,pricelevelid)" new_flsperfattrib_boolean_0="true" new_flsperfattrib_datetime_0="replace(randomstarttime)" new_flsperfattrib_decimal_0="replace(randomnumber)" new_flsperfattrib_double_0="replace(randomnumber)" new_flsperfattrib_integer_0="replace(randomnumber)" new_flsperfattrib_memo_0="replace(randomstring,10,20)" new_flsperfattrib_money_0="replace(randomnumber)" new_flsperfattrib_picklist_0="replace(randomnumber,100000000,100000004)" new_flsperfattrib_string_0="replace(randomstring,10,20)" save_1="settag(contact_opportunityid1,opportunity,entityid)" save_2="settype(contact_opportunityid1type)" actualvalue_base="replace(randomnumber,10,300)" estimatedvalue_base="replace(randomnumber,10,300)" isrevenuesystemcalculated="0">
              				<opportunityproduct count="1" opportunityid.Id="getdyntag(contact_opportunityid1)" productid.Id="gettag(allproductids,getrandom,productid)" uomid.Id="gettag(allproductids,getfiltered,defaultuomid.Id,productid.Id)"/>
              				<annotation count="1" objectid.Id="getdyntag(contact_opportunityid1)" objectid.LogicalName="getdyntag(contact_opportunityid1type)"></annotation>
            			</opportunity>
            			<annotation count="1" objectid.Id="getdyntag(contactid)" objectid.LogicalName="getdyntag(contactidtype)"></annotation>
          			<task count="2" regardingobjectid.Id="getdyntag(contactid)" regardingobjectid.LogicalName="getdyntag(contactidtype)" new_attribute1="replace(randomstring,10,20)" new_attribute2="replace(randomnumber,100000001,100000005)" new_attribute3="true" new_attribute4="replace(randomnumber)" new_attribute5="replace(randomnumber)" new_attribute6="replace(randomnumber)" new_attribute7="replace(randomnumber)" new_attribute8="replace(randomstring,100,400)" new_attribute9="replace(randomstarttime)" new_attribute10="replace(randomdate)" save_1="settag(contact_taskid,activity,entityid)" save_2="settype(contact_taskidtype)">
              				<annotation count="1" objectid.Id="getdyntag(contact_taskid)" objectid.LogicalName="getdyntag(contact_taskidtype)"></annotation>
            			</task>
          			<task count="12" regardingobjectid.Id="getdyntag(contactid)" regardingobjectid.LogicalName="getdyntag(contactidtype)" new_attribute1="replace(randomstring,10,20)" new_attribute2="replace(randomnumber,100000001,100000005)" new_attribute3="true" new_attribute4="replace(randomnumber)" new_attribute5="replace(randomnumber)" new_attribute6="replace(randomnumber)" new_attribute7="replace(randomnumber)" new_attribute8="replace(randomstring,100,400)" new_attribute9="replace(randomstarttime)" new_attribute10="replace(randomdate)" save_1="settag(contact_taskid,activity,entityid)" save_2="settype(contact_taskidtype)" statecode="1">
              				<annotation count="1" objectid.Id="getdyntag(contact_taskid)" objectid.LogicalName="getdyntag(contact_taskidtype)"></annotation>
            			</task>
          			<task count="6" regardingobjectid.Id="getdyntag(contactid)" regardingobjectid.LogicalName="getdyntag(contactidtype)" new_attribute1="replace(randomstring,10,20)" new_attribute2="replace(randomnumber,100000001,100000005)" new_attribute3="true" new_attribute4="replace(randomnumber)" new_attribute5="replace(randomnumber)" new_attribute6="replace(randomnumber)" new_attribute7="replace(randomnumber)" new_attribute8="replace(randomstring,100,400)" new_attribute9="replace(randomstarttime)" new_attribute10="replace(randomdate)" save_1="settag(contact_taskid,activity,entityid)" save_2="settype(contact_taskidtype)" statecode="2">
              				<annotation count="1" objectid.Id="getdyntag(contact_taskid)" objectid.LogicalName="getdyntag(contact_taskidtype)"></annotation>
            			</task>
            			<email count="14" sender="gettag(allsystemuserids,getrandom,systemuserid)" torecipients="gettag(allsystemuserids,getrandom,systemuserid)" regardingobjectid.Id="getdyntag(contactid)" regardingobjectid.LogicalName="getdyntag(contactidtype)" from="gettag(allsystemuserids,getrandom,systemuserid)" to="gettag(allsystemuserids,getrandom,systemuserid)"></email>
          			</contact>
  			<post count="10" regardingobjectid.Id="getdyntag(accountid)" regardingobjectid.LogicalName="getdyntag(accountidtype)" source="2" save_1="settag(postid1,post,entityid)">
     				<postcomment count="2" postid.Id="getdyntag(postid1)"/>
    			</post>
        		</account>
    		<lead count="90" lastname="replace(randomstring,5,10) + updatable object" new_flsperfattrib_boolean_0="true" new_flsperfattrib_datetime_0="replace(randomstarttime)" new_flsperfattrib_decimal_0="replace(randomnumber)" new_flsperfattrib_double_0="replace(randomnumber)" new_flsperfattrib_integer_0="replace(randomnumber)" new_flsperfattrib_memo_0="replace(randomstring,10,20)" new_flsperfattrib_money_0="replace(randomnumber)" new_flsperfattrib_picklist_0="replace(randomnumber,100000000,100000004)" new_flsperfattrib_string_0="replace(randomstring,10,20)" save_1="settag(leadid,lead,entityid)" save_2="settype(leadidtype)" statecode="1">
          			<annotation count="1" objectid.Id="getdyntag(leadid)" objectid.LogicalName="getdyntag(leadidtype)"></annotation>
        		</lead>
    		<lead count="20" lastname="replace(randomstring,5,10) + updatable object" new_flsperfattrib_boolean_0="true" new_flsperfattrib_datetime_0="replace(randomstarttime)" new_flsperfattrib_decimal_0="replace(randomnumber)" new_flsperfattrib_double_0="replace(randomnumber)" new_flsperfattrib_integer_0="replace(randomnumber)" new_flsperfattrib_memo_0="replace(randomstring,10,20)" new_flsperfattrib_money_0="replace(randomnumber)" new_flsperfattrib_picklist_0="replace(randomnumber,100000000,100000004)" new_flsperfattrib_string_0="replace(randomstring,10,20)" save_1="settag(leadid,lead,entityid)" save_2="settype(leadidtype)">
          			<annotation count="1" objectid.Id="getdyntag(leadid)" objectid.LogicalName="getdyntag(leadidtype)"></annotation>
        		</lead>
    		<lead count="30" lastname="replace(randomstring,5,10) + deletable object" new_flsperfattrib_boolean_0="true" new_flsperfattrib_datetime_0="replace(randomstarttime)" new_flsperfattrib_decimal_0="replace(randomnumber)" new_flsperfattrib_double_0="replace(randomnumber)" new_flsperfattrib_integer_0="replace(randomnumber)" new_flsperfattrib_memo_0="replace(randomstring,10,20)" new_flsperfattrib_money_0="replace(randomnumber)" new_flsperfattrib_picklist_0="replace(randomnumber,100000000,100000004)" new_flsperfattrib_string_0="replace(randomstring,10,20)" save_1="settag(leadid,lead,entityid)" save_2="settype(leadidtype)" statecode="2">
    			<annotation count="1" objectid.Id="getdyntag(leadid)" objectid.LogicalName="getdyntag(leadidtype)"></annotation>
    		</lead>
  		<account count="2" name="replace(randomstring,10,15) + deletable object" new_attribute2="replace(randomnumber,100000001,100000005)" new_attribute3="true" new_attribute4="replace(randomnumber)" new_attribute5="replace(randomnumber)" new_attribute6="replace(randomnumber)" new_attribute7="replace(randomnumber)" new_attribute8="replace(randomstring,100,400)" new_attribute9="replace(randomstarttime)" new_attribute10="replace(randomdate)" new_flsperfattrib_boolean_0="true" new_flsperfattrib_datetime_0="replace(randomstarttime)" new_flsperfattrib_decimal_0="replace(randomnumber)" new_flsperfattrib_double_0="replace(randomnumber)" new_flsperfattrib_integer_0="replace(randomnumber)" new_flsperfattrib_memo_0="replace(randomstring,10,20)" new_flsperfattrib_money_0="replace(randomnumber)" new_flsperfattrib_picklist_0="replace(randomnumber,100000000,100000004)" new_flsperfattrib_string_0="replace(randomstring,10,20)" save_1="settag(accountid2,account,entityid)" save_2="settype(accountidtype)" revenue="replace(randomnumber,10,300)">
          			<opportunity count="5" stepname="replace(randompipelinephasename)" name="replace(randomstring,10,15) + deletable object" customerid.Id="getdyntag(accountid2)" customerid.LogicalName="getdyntag(accountidtype)" pricelevelid.Id="gettag(allpricelevelids,getrandom,pricelevelid)" new_flsperfattrib_boolean_0="true" new_flsperfattrib_datetime_0="replace(randomstarttime)" new_flsperfattrib_decimal_0="replace(randomnumber)" new_flsperfattrib_double_0="replace(randomnumber)" new_flsperfattrib_integer_0="replace(randomnumber)" new_flsperfattrib_memo_0="replace(randomstring,10,20)" new_flsperfattrib_money_0="replace(randomnumber)" new_flsperfattrib_picklist_0="replace(randomnumber,100000000,100000004)" new_flsperfattrib_string_0="replace(randomstring,10,20)" save_1="settag(opportunityid2,opportunity,entityid)" save_2="settype(opportunityidtype)" actualvalue_base="replace(randomnumber,10,300)" estimatedvalue_base="replace(randomnumber,10,300)" isrevenuesystemcalculated="0">
            			<opportunityproduct count="1" opportunityid.Id="getdyntag(opportunityid2)" productid.Id="gettag(allproductids,getrandom,productid)" uomid.Id="gettag(allproductids,getfiltered,defaultuomid.Id,productid.Id)"></opportunityproduct>
            			<quote count="1" name="replace(randomstring,10,15) + deletable object" customerid.Id="getdyntag(accountid2)" customerid.LogicalName="getdyntag(accountidtype)" pricelevelid.Id="gettag(allpricelevelids,getrandom,pricelevelid)" opportunityid.Id="getdyntag(opportunityid2)" save_1="settag(quoteid2,quote,entityid)">
              				<quotedetail count="1" quoteid.Id="getdyntag(quoteid2)" productid.Id="gettag(allproductids,getrandom,productid)" uomid.Id="gettag(allproductids,getfiltered,defaultuomid.Id,productid.Id)"></quotedetail>
            			</quote>
            			<annotation count="1" objectid.Id="getdyntag(opportunityid2)" objectid.LogicalName="getdyntag(opportunityidtype)"></annotation>
          			</opportunity>
          			<annotation count="1" objectid.Id="getdyntag(accountid2)" objectid.LogicalName="getdyntag(accountidtype)"></annotation>
        			<task count="20" regardingobjectid.Id="getdyntag(accountid2)" regardingobjectid.LogicalName="getdyntag(accountidtype)" new_attribute1="replace(randomstring,10,20)" new_attribute2="replace(randomnumber,100000001,100000005)" new_attribute3="true" new_attribute4="replace(randomnumber)" new_attribute5="replace(randomnumber)" new_attribute6="replace(randomnumber)" new_attribute7="replace(randomnumber)" new_attribute8="replace(randomstring,100,400)" new_attribute9="replace(randomstarttime)" new_attribute10="replace(randomdate)" save_1="settag(taskid2,activity,entityid)" save_2="settype(taskidtype)">
            			<annotation count="1" objectid.Id="getdyntag(taskid2)" objectid.LogicalName="getdyntag(taskidtype)"></annotation>
          			</task>
          			<email count="14" sender="gettag(allsystemuserids,getrandom,systemuserid)" torecipients="gettag(allsystemuserids,getrandom,systemuserid)" regardingobjectid.Id="getdyntag(accountid2)" regardingobjectid.LogicalName="getdyntag(accountidtype)" from="gettag(allsystemuserids,getrandom,systemuserid)" to="gettag(allsystemuserids,getrandom,systemuserid)"></email>
        			<contact count="2" lastname="replace(randomstring,5,10) + deletable object" parentcustomerid.Id="getdyntag(accountid2)" parentcustomerid.LogicalName="getdyntag(accountidtype)" new_attribute1="replace(randomstring,10,20)" new_attribute2="replace(randomnumber,100000001,100000005)" new_attribute3="true" new_attribute4="replace(randomnumber)" new_attribute5="replace(randomnumber)" new_attribute6="replace(randomnumber)" new_attribute7="replace(randomnumber)" new_attribute8="replace(randomstring,100,400)" new_attribute9="replace(randomstarttime)" new_attribute10="replace(randomdate)" new_flsperfattrib_boolean_0="true" new_flsperfattrib_datetime_0="replace(randomstarttime)" new_flsperfattrib_decimal_0="replace(randomnumber)" new_flsperfattrib_double_0="replace(randomnumber)" new_flsperfattrib_integer_0="replace(randomnumber)" new_flsperfattrib_memo_0="replace(randomstring,10,20)" new_flsperfattrib_money_0="replace(randomnumber)" new_flsperfattrib_picklist_0="replace(randomnumber,100000000,100000004)" new_flsperfattrib_string_0="replace(randomstring,10,20)" save_1="settag(contactid2,contact,entityid)" save_2="settype(contactidtype)">
            			<opportunity count="5" stepname="replace(randompipelinephasename)" name="replace(randomstring,10,15) + deletable object" customerid.Id="getdyntag(contactid2)" customerid.LogicalName="getdyntag(contactidtype)" pricelevelid.Id="gettag(allpricelevelids,getrandom,pricelevelid)" new_flsperfattrib_boolean_0="true" new_flsperfattrib_datetime_0="replace(randomstarttime)" new_flsperfattrib_decimal_0="replace(randomnumber)" new_flsperfattrib_double_0="replace(randomnumber)" new_flsperfattrib_integer_0="replace(randomnumber)" new_flsperfattrib_memo_0="replace(randomstring,10,20)" new_flsperfattrib_money_0="replace(randomnumber)" new_flsperfattrib_picklist_0="replace(randomnumber,100000000,100000004)" new_flsperfattrib_string_0="replace(randomstring,10,20)" save_1="settag(contact_opportunityid4,opportunity,entityid)" save_2="settype(contact_opportunityid3type)" actualvalue_base="replace(randomnumber,10,300)" estimatedvalue_base="replace(randomnumber,10,300)" isrevenuesystemcalculated="0">
              				<opportunityproduct count="1" opportunityid.Id="getdyntag(contact_opportunityid4)" productid.Id="gettag(allproductids,getrandom,productid)" uomid.Id="gettag(allproductids,getfiltered,defaultuomid.Id,productid.Id)"/>
              				<quote count="1" name="replace(randomstring,10,15) + deletable object" customerid.Id="getdyntag(contactid2)" customerid.LogicalName="getdyntag(contactidtype)" pricelevelid.Id="gettag(allpricelevelids,getrandom,pricelevelid)" opportunityid.Id="getdyntag(contact_opportunityid4)" save_1="settag(quoteid2,quote,entityid)">
                					<quotedetail count="1" quoteid.Id="getdyntag(quoteid2)" productid.Id="gettag(allproductids,getrandom,productid)" uomid.Id="gettag(allproductids,getfiltered,defaultuomid.Id,productid.Id)"></quotedetail>
              				</quote>
              				<annotation count="1" objectid.Id="getdyntag(contact_opportunityid4)" objectid.LogicalName="getdyntag(contact_opportunityid3type)"></annotation>
            			</opportunity>
            			<annotation count="1" objectid.Id="getdyntag(contactid2)" objectid.LogicalName="getdyntag(contactidtype)"></annotation>
          			<task count="20" regardingobjectid.Id="getdyntag(contactid2)" regardingobjectid.LogicalName="getdyntag(contactidtype)" new_attribute1="replace(randomstring,10,20)" new_attribute2="replace(randomnumber,100000001,100000005)" new_attribute3="true" new_attribute4="replace(randomnumber)" new_attribute5="replace(randomnumber)" new_attribute6="replace(randomnumber)" new_attribute7="replace(randomnumber)" new_attribute8="replace(randomstring,100,400)" new_attribute9="replace(randomstarttime)" new_attribute10="replace(randomdate)" save_1="settag(contact_taskid2,activity,entityid)" save_2="settype(contact_taskidtype)">
              				<annotation count="1" objectid.Id="getdyntag(contact_taskid2)" objectid.LogicalName="getdyntag(contact_taskidtype)"></annotation>
            			</task>
            			<email count="14" sender="gettag(allsystemuserids,getrandom,systemuserid)" torecipients="gettag(allsystemuserids,getrandom,systemuserid)" regardingobjectid.Id="getdyntag(contactid2)" regardingobjectid.LogicalName="getdyntag(contactidtype)" from="gettag(allsystemuserids,getrandom,systemuserid)" to="gettag(allsystemuserids,getrandom,systemuserid)"></email>
          			</contact>
  			<post count="10" regardingobjectid.Id="getdyntag(accountid2)" regardingobjectid.LogicalName="getdyntag(accountidtype)" source="2" save_1="settag(postid1,post,entityid)">
  				<postcomment count="2" postid.Id="getdyntag(postid1)"/>
  			</post>
        		</account>
  		<account count="1" new_attribute1="replace(randomstring,10,20)" new_attribute2="replace(randomnumber,100000001,100000005)" new_attribute3="true" new_attribute4="replace(randomnumber)" new_attribute5="replace(randomnumber)" new_attribute6="replace(randomnumber)" new_attribute7="replace(randomnumber)" new_attribute8="replace(randomstring,100,400)" new_attribute9="replace(randomstarttime)" new_attribute10="replace(randomdate)" new_flsperfattrib_boolean_0="true" new_flsperfattrib_datetime_0="replace(randomstarttime)" new_flsperfattrib_decimal_0="replace(randomnumber)" new_flsperfattrib_double_0="replace(randomnumber)" new_flsperfattrib_integer_0="replace(randomnumber)" new_flsperfattrib_memo_0="replace(randomstring,10,20)" new_flsperfattrib_money_0="replace(randomnumber)" new_flsperfattrib_picklist_0="replace(randomnumber,100000000,100000004)" new_flsperfattrib_string_0="replace(randomstring,10,20)" save_1="settag(accountid3,account,entityid)" save_2="settype(accountidtype)" save_3="settag(name,account,entityid)" revenue="replace(randomnumber,10000,30000)">
    			<opportunity count="18" stepname="replace(randompipelinephasename)" customerid.Id="getdyntag(accountid3)" customerid.LogicalName="getdyntag(accountidtype)" pricelevelid.Id="gettag(allpricelevelids,getrandom,pricelevelid)" new_flsperfattrib_boolean_0="true" new_flsperfattrib_datetime_0="replace(randomstarttime)" new_flsperfattrib_decimal_0="replace(randomnumber)" new_flsperfattrib_double_0="replace(randomnumber)" new_flsperfattrib_integer_0="replace(randomnumber)" new_flsperfattrib_memo_0="replace(randomstring,10,20)" new_flsperfattrib_money_0="replace(randomnumber)" new_flsperfattrib_picklist_0="replace(randomnumber,100000000,100000004)" new_flsperfattrib_string_0="replace(randomstring,10,20)" save_1="settag(opportunityid3,opportunity,entityid)" save_2="settype(opportunityid3type)" statecode="1" actualvalue_base="replace(randomnumber,10000,30000)" estimatedvalue_base="replace(randomnumber,10000,30000)" isrevenuesystemcalculated="0">
    				<opportunityproduct count="1" opportunityid.Id="getdyntag(opportunityid3)" productid.Id="gettag(allproductids,getrandom,productid)" uomid.Id="gettag(allproductids,getfiltered,defaultuomid.Id,productid.Id)"></opportunityproduct>
    			</opportunity>
    			<opportunity count="16" stepname="replace(randompipelinephasename)" customerid.Id="getdyntag(accountid3)" customerid.LogicalName="getdyntag(accountidtype)" pricelevelid.Id="gettag(allpricelevelids,getrandom,pricelevelid)" new_flsperfattrib_boolean_0="true" new_flsperfattrib_datetime_0="replace(randomstarttime)" new_flsperfattrib_decimal_0="replace(randomnumber)" new_flsperfattrib_double_0="replace(randomnumber)" new_flsperfattrib_integer_0="replace(randomnumber)" new_flsperfattrib_memo_0="replace(randomstring,10,20)" new_flsperfattrib_money_0="replace(randomnumber)" new_flsperfattrib_picklist_0="replace(randomnumber,100000000,100000004)" new_flsperfattrib_string_0="replace(randomstring,10,20)" save_1="settag(opportunityid3,opportunity,entityid)" save_2="settype(opportunityid3type)" statecode="2" actualvalue_base="replace(randomnumber,10000,30000)" estimatedvalue_base="replace(randomnumber,10000,30000)" isrevenuesystemcalculated="0">
    				<opportunityproduct count="1" opportunityid.Id="getdyntag(opportunityid3)" productid.Id="gettag(allproductids,getrandom,productid)" uomid.Id="gettag(allproductids,getfiltered,defaultuomid.Id,productid.Id)"></opportunityproduct>
    			</opportunity>
    			<opportunity count="16" stepname="replace(randompipelinephasename)" customerid.Id="getdyntag(accountid3)" customerid.LogicalName="getdyntag(accountidtype)" pricelevelid.Id="gettag(allpricelevelids,getrandom,pricelevelid)" new_flsperfattrib_boolean_0="true" new_flsperfattrib_datetime_0="replace(randomstarttime)" new_flsperfattrib_decimal_0="replace(randomnumber)" new_flsperfattrib_double_0="replace(randomnumber)" new_flsperfattrib_integer_0="replace(randomnumber)" new_flsperfattrib_memo_0="replace(randomstring,10,20)" new_flsperfattrib_money_0="replace(randomnumber)" new_flsperfattrib_picklist_0="replace(randomnumber,100000000,100000004)" new_flsperfattrib_string_0="replace(randomstring,10,20)" save_1="settag(opportunityid3,opportunity,entityid)" save_2="settype(opportunityid3type)" actualvalue_base="replace(randomnumber,10000,30000)" estimatedvalue_base="replace(randomnumber,10000,30000)" isrevenuesystemcalculated="0">
    				<opportunityproduct count="1" opportunityid.Id="getdyntag(opportunityid3)" productid.Id="gettag(allproductids,getrandom,productid)" uomid.Id="gettag(allproductids,getfiltered,defaultuomid.Id,productid.Id)"></opportunityproduct>
    			</opportunity>
 			<post count="10" regardingobjectid.Id="getdyntag(accountid3)" regardingobjectid.LogicalName="getdyntag(accountidtype)" source="2" save_1="settag(postid1,post,entityid)">
 				<postcomment count="2" postid.Id="getdyntag(postid1)"/>
 			</post>
    		</account>
    		<list count="50" save_1="settag(listid,list,all)">
    			<listmember count="5" listid.Id="getdyntag(listid,getlast,listid)" entityid.Id="gettag(allaccountids,getrandom,accountid)" entitytype="1">
    			</listmember>
    		</list>
    	</objectDist>
    </DbPopConfig>
