<?xml version="1.0"?>
<DbPopConfig>
    	<exec threadCount="10"/>
	<userGroups authentication="ActiveDirectory" ssl="false" domain="" webserver="" organization="" discoveryserver="">
  		<userGroup name="{0}\crmusr{1}" startIndex="9" count="3" password="T!T@n1130"/>
    	</userGroups>
    	<globalTags>
    		<tag name="allsystemuserids">
    			<query>
    				<column name="systemuserid"/>
    				<entity name="systemuser"/>
    			</query>
    		</tag>
    		<tag name="allpricelevelids">
    			<query>
    				<column name="pricelevelid"/>
    				<entity name="pricelevel"/>
    			</query>
    		</tag>
    		<tag name="allserviceids">
    			<query>
    				<column name="serviceid"/>
    				<entity name="service"/>
    			</query>
    		</tag>
    		<tag name="allequipment">
    			<query>
    				<column name="equipmentid"/>
    				<entity name="equipment"/>
    			</query>
    		</tag>
    		<tag name="allconnectionrole">
    			<query>
    				<column name="connectionroleid"/>
    				<entity name="connectionrole"/>
    				<filter>
    					<conditionexpression attributename="name" operator="equal" value="globalconnectionrole"/>
    				</filter>
    			</query>
    		</tag>
    	</globalTags>
    	<objectDist>
			<recurringappointmentmaster count="1" requiredattendees="gettag(allsystemuserids,getrandom,systemuserid)" optionalattendees="gettag(allsystemuserids,getrandom,systemuserid)" recurrencepatterntype="0" patternendtype="1"/>
       		<recurringappointmentmaster count="1" requiredattendees="gettag(allsystemuserids,getrandom,systemuserid)" optionalattendees="gettag(allsystemuserids,getrandom,systemuserid)" recurrencepatterntype="1" daysofweekmask="replace(randomdaysofweekmask)" patternendtype="1"/>
       		<recurringappointmentmaster count="1" requiredattendees="gettag(allsystemuserids,getrandom,systemuserid)" optionalattendees="gettag(allsystemuserids,getrandom,systemuserid)" recurrencepatterntype="2" dayofmonth="replace(randomnumber,1,29)" patternendtype="1"/>
       		<recurringappointmentmaster count="1" requiredattendees="gettag(allsystemuserids,getrandom,systemuserid)" optionalattendees="gettag(allsystemuserids,getrandom,systemuserid)" recurrencepatterntype="3" monthofyear="replace(randomnumber,1,13)" dayofmonth="replace(randomnumber,1,29)" occurrences="replace(randomnumber,2,10)" patternendtype="2"/>
       		<recurringappointmentmaster count="3" subject="replace(randomsubject) + updatable object" requiredattendees="gettag(allsystemuserids,getrandom,systemuserid)" optionalattendees="gettag(allsystemuserids,getrandom,systemuserid)" recurrencepatterntype="1" daysofweekmask="3" patternendtype="1"/>
       		<recurringappointmentmaster count="3" subject="replace(randomsubject) + deletable object" requiredattendees="gettag(allsystemuserids,getrandom,systemuserid)" optionalattendees="gettag(allsystemuserids,getrandom,systemuserid)" recurrencepatterntype="1" daysofweekmask="3" patternendtype="1"/>
  		<account count="296" name="replace(randomstring,10,15) + connection object" new_attribute1="replace(randomstring,10,20)" new_attribute2="replace(randomnumber,100000001,100000005)" new_attribute3="true" new_attribute4="replace(randomnumber)" new_attribute5="replace(randomnumber)" new_attribute6="replace(randomnumber)" new_attribute7="replace(randomnumber)" new_attribute8="replace(randomstring,100,400)" new_attribute9="replace(randomstarttime)" new_attribute10="replace(randomdate)" save_1="settag(connectionaccountid,account,entityid)" save_2="settype(accountidtype)">
        	</account>
        	<contact count="234" lastname="replace(randomstring,5,10) + connection object" parentcustomerid.Id="getdyntag(connectionaccountid,getrandom,entityid)" parentcustomerid.LogicalName="getdyntag(accountidtype)" new_attribute1="replace(randomstring,10,20)" new_attribute2="replace(randomnumber,100000001,100000005)" new_attribute3="true" new_attribute4="replace(randomnumber)" new_attribute5="replace(randomnumber)" new_attribute6="replace(randomnumber)" new_attribute7="replace(randomnumber)" new_attribute8="replace(randomstring,100,400)" new_attribute9="replace(randomstarttime)" new_attribute10="replace(randomdate)" save_1="settag(connectioncontactid,contact,entityid)" save_2="settype(contactidtype)">
        	</contact>
        	<opportunity count="1" name="replace(randomstring,10,15) + connection object" customerid.Id="getdyntag(connectionaccountid,getrandom,entityid)" customerid.LogicalName="getdyntag(accountidtype)" pricelevelid.Id="gettag(allpricelevelids,getrandom,pricelevelid)" save_1="settag(connectionopportunityid,opportunity,entityid)" save_2="settype(opportunityidtype)" actualvalue_base="replace(randomnumber,10,300)" estimatedvalue_base="replace(randomnumber,10,300)" isrevenuesystemcalculated="0">
        	</opportunity>
        	<queue count="10" save_1="settag(queueid,queue,entityid)" save_2="settype(queueidtype)"/>
       		<serviceappointment count="20" serviceid.Id="gettag(allserviceids,getrandom,serviceid)" resources="gettag(allequipment,getactivityparties,equipmentid)"/>
       		<subject count="20" save_1="settag(subjectid,subject,entityid)" save_2="settype(subjectidtype)"/>
 	     	<account count="15" new_attribute1="replace(randomstring,10,20)" new_attribute2="replace(randomnumber,100000001,100000005)" new_attribute3="true" new_attribute4="replace(randomnumber)" new_attribute5="replace(randomnumber)" new_attribute6="replace(randomnumber)" new_attribute7="replace(randomnumber)" new_attribute8="replace(randomstring,100,400)" new_attribute9="replace(randomstarttime)" new_attribute10="replace(randomdate)" save_1="settag(accountid,account,entityid)" save_2="settype(accountidtype)" revenue="replace(randomnumber,10,300)">
          		<appointment count="21" requiredattendees="gettag(allsystemuserids,getrandom,systemuserid)" regardingobjectid.Id="getdyntag(accountid)" regardingobjectid.LogicalName="getdyntag(accountidtype)"/>
				<entitlement count="1" customerid.Id="getdyntag(accountid)" customerid.LogicalName="account" save_1="settag(entitlementid1,entitlement,entityid)">
					<entitlementchannel count="1" entitlementid.Id="getdyntag(entitlementid1)" save_1="settag(entitlementchannelid,entitlementchannel,entityid)"></entitlementchannel>
				</entitlement>
				<case count="15" customerid.Id="getdyntag(accountid)" customerid.LogicalName="getdyntag(accountidtype)" subjectid.Id="getdyntag(subjectid,getrandom,entityid)" save_1="settag(incidentid,incident,entityid)" save_2="settype(incidentidtype)" statecode="0" entitlementid.Id="getdyntag(entitlementid1)"></case>
			<queueitem count="1" objectid.Id="getdyntag(incidentid,getlast,entityid)" objectid.LogicalName="getdyntag(incidentidtype)" queueid.Id="getdyntag(queueid,getrandom,entityid)" queueid.LogicalName="getdyntag(queueidtype)"/>
          		<connection count="2" record1id.Id="getdyntag(connectionaccountid,getrandom,entityid)" record1id.LogicalName="getdyntag(accountidtype)" record2id.Id="getdyntag(accountid)" record2id.LogicalName="getdyntag(accountidtype)" record1roleid.Id="gettag(allconnectionrole,getrandom,connectionroleid)" record2roleid.Id="getdyntag(allconnectionrole,getrandom,connectionroleid)"/>
          		<connection count="7" record1id.Id="getdyntag(connectioncontactid,getrandom,entityid)" record1id.LogicalName="getdyntag(contactidtype)" record2id.Id="getdyntag(accountid)" record2id.LogicalName="getdyntag(accountidtype)" record1roleid.Id="gettag(allconnectionrole,getrandom,connectionroleid)" record2roleid.Id="getdyntag(allconnectionrole,getrandom,connectionroleid)"/>
          		<connection count="2" record1id.Id="getdyntag(connectionopportunityid,getrandom,entityid)" record1id.LogicalName="getdyntag(opportunityidtype)" record2id.Id="getdyntag(accountid)" record2id.LogicalName="getdyntag(accountidtype)" record1roleid.Id="gettag(allconnectionrole,getrandom,connectionroleid)" record2roleid.Id="getdyntag(allconnectionrole,getrandom,connectionroleid)"/>
          		<connection count="3" record1id.Id="gettag(allsystemuserids,getrandom,systemuserid)" record1id.LogicalName="systemuser" record2id.Id="getdyntag(accountid)" record2id.LogicalName="getdyntag(accountidtype)" record1roleid.Id="gettag(allconnectionrole,getrandom,connectionroleid)" record2roleid.Id="gettag(allconnectionrole,getrandom,connectionroleid)"/>
          		<fax count="5" regardingobjectid.Id="getdyntag(accountid)" regardingobjectid.LogicalName="getdyntag(accountidtype)" from="gettag(allsystemuserids,getrandom,systemuserid)" to="gettag(allsystemuserids,getrandom,systemuserid)"/>
          		<letter count="5" regardingobjectid.Id="getdyntag(accountid)" regardingobjectid.LogicalName="getdyntag(accountidtype)" from="gettag(allsystemuserids,getrandom,systemuserid)" to="gettag(allsystemuserids,getrandom,systemuserid)"/>
          		<phonecall count="5" regardingobjectid.Id="getdyntag(accountid)" regardingobjectid.LogicalName="getdyntag(accountidtype)" from="gettag(allsystemuserids,getrandom,systemuserid)" to="gettag(allsystemuserids,getrandom,systemuserid)"/>
          		<annotation count="1" objectid.Id="getdyntag(accountid)" objectid.LogicalName="getdyntag(accountidtype)"></annotation>
          		<task count="2" regardingobjectid.Id="getdyntag(accountid)" regardingobjectid.LogicalName="getdyntag(accountidtype)" new_attribute1="replace(randomstring,10,20)" new_attribute2="replace(randomnumber,100000001,100000005)" new_attribute3="true" new_attribute4="replace(randomnumber)" new_attribute5="replace(randomnumber)" new_attribute6="replace(randomnumber)" new_attribute7="replace(randomnumber)" new_attribute8="replace(randomstring,100,400)" new_attribute9="replace(randomstarttime)" new_attribute10="replace(randomdate)" save_1="settag(taskid,activity,entityid)" save_2="settype(taskidtype)">
            			<annotation count="1" objectid.Id="getdyntag(taskid)" objectid.LogicalName="getdyntag(taskidtype)"></annotation>
          		</task>
          		<task count="12" regardingobjectid.Id="getdyntag(accountid)" regardingobjectid.LogicalName="getdyntag(accountidtype)" new_attribute1="replace(randomstring,10,20)" new_attribute2="replace(randomnumber,100000001,100000005)" new_attribute3="true" new_attribute4="replace(randomnumber)" new_attribute5="replace(randomnumber)" new_attribute6="replace(randomnumber)" new_attribute7="replace(randomnumber)" new_attribute8="replace(randomstring,100,400)" new_attribute9="replace(randomstarttime)" new_attribute10="replace(randomdate)" save_1="settag(taskid,activity,entityid)" save_2="settype(taskidtype)" statecode="1">
            			<annotation count="1" objectid.Id="getdyntag(taskid)" objectid.LogicalName="getdyntag(taskidtype)"></annotation>
          		</task>
          		<task count="6" regardingobjectid.Id="getdyntag(accountid)" regardingobjectid.LogicalName="getdyntag(accountidtype)" new_attribute1="replace(randomstring,10,20)" new_attribute2="replace(randomnumber,100000001,100000005)" new_attribute3="true" new_attribute4="replace(randomnumber)" new_attribute5="replace(randomnumber)" new_attribute6="replace(randomnumber)" new_attribute7="replace(randomnumber)" new_attribute8="replace(randomstring,100,400)" new_attribute9="replace(randomstarttime)" new_attribute10="replace(randomdate)" save_1="settag(taskid,activity,entityid)" save_2="settype(taskidtype)" statecode="2">
            			<annotation count="1" objectid.Id="getdyntag(taskid)" objectid.LogicalName="getdyntag(taskidtype)"></annotation>
          		</task>
          		<email count="14" sender="gettag(allsystemuserids,getrandom,systemuserid)" torecipients="gettag(allsystemuserids,getrandom,systemuserid)" regardingobjectid.Id="getdyntag(accountid)" regardingobjectid.LogicalName="getdyntag(accountidtype)" from="gettag(allsystemuserids,getrandom,systemuserid)" to="gettag(allsystemuserids,getrandom,systemuserid)"></email>
          		<annotation count="1" objectid.Id="getdyntag(accountid)" objectid.LogicalName="getdyntag(accountidtype)"></annotation>
          		<contact count="3" parentcustomerid.Id="getdyntag(accountid)" parentcustomerid.LogicalName="getdyntag(accountidtype)" new_attribute1="replace(randomstring,10,20)" new_attribute2="replace(randomnumber,100000001,100000005)" new_attribute3="true" new_attribute4="replace(randomnumber)" new_attribute5="replace(randomnumber)" new_attribute6="replace(randomnumber)" new_attribute7="replace(randomnumber)" new_attribute8="replace(randomstring,100,400)" new_attribute9="replace(randomstarttime)" new_attribute10="replace(randomdate)" save_1="settag(contactid,contact,entityid)" save_2="settype(contactidtype)">
            			<annotation count="1" objectid.Id="getdyntag(contactid)" objectid.LogicalName="getdyntag(contactidtype)"></annotation>
            			<task count="2" regardingobjectid.Id="getdyntag(contactid)" regardingobjectid.LogicalName="getdyntag(contactidtype)" new_attribute1="replace(randomstring,10,20)" new_attribute2="replace(randomnumber,100000001,100000005)" new_attribute3="true" new_attribute4="replace(randomnumber)" new_attribute5="replace(randomnumber)" new_attribute6="replace(randomnumber)" new_attribute7="replace(randomnumber)" new_attribute8="replace(randomstring,100,400)" new_attribute9="replace(randomstarttime)" new_attribute10="replace(randomdate)" save_1="settag(contact_taskid,activity,entityid)" save_2="settype(contact_taskidtype)">
              				<annotation count="1" objectid.Id="getdyntag(contact_taskid)" objectid.LogicalName="getdyntag(contact_taskidtype)"></annotation>
            			</task>
            			<task count="12" regardingobjectid.Id="getdyntag(contactid)" regardingobjectid.LogicalName="getdyntag(contactidtype)" new_attribute1="replace(randomstring,10,20)" new_attribute2="replace(randomnumber,100000001,100000005)" new_attribute3="true" new_attribute4="replace(randomnumber)" new_attribute5="replace(randomnumber)" new_attribute6="replace(randomnumber)" new_attribute7="replace(randomnumber)" new_attribute8="replace(randomstring,100,400)" new_attribute9="replace(randomstarttime)" new_attribute10="replace(randomdate)" save_1="settag(contact_taskid,activity,entityid)" save_2="settype(contact_taskidtype)" statecode="1">
              				<annotation count="1" objectid.Id="getdyntag(contact_taskid)" objectid.LogicalName="getdyntag(contact_taskidtype)"></annotation>
            			</task>
            			<task count="6" regardingobjectid.Id="getdyntag(contactid)" regardingobjectid.LogicalName="getdyntag(contactidtype)" new_attribute1="replace(randomstring,10,20)" new_attribute2="replace(randomnumber,100000001,100000005)" new_attribute3="true" new_attribute4="replace(randomnumber)" new_attribute5="replace(randomnumber)" new_attribute6="replace(randomnumber)" new_attribute7="replace(randomnumber)" new_attribute8="replace(randomstring,100,400)" new_attribute9="replace(randomstarttime)" new_attribute10="replace(randomdate)" save_1="settag(contact_taskid,activity,entityid)" save_2="settype(contact_taskidtype)" statecode="2">
              				<annotation count="1" objectid.Id="getdyntag(contact_taskid)" objectid.LogicalName="getdyntag(contact_taskidtype)"></annotation>
            			</task>
            			<email count="14" sender="gettag(allsystemuserids,getrandom,systemuserid)" torecipients="gettag(allsystemuserids,getrandom,systemuserid)" regardingobjectid.Id="getdyntag(contactid)" regardingobjectid.LogicalName="getdyntag(contactidtype)" from="gettag(allsystemuserids,getrandom,systemuserid)" to="gettag(allsystemuserids,getrandom,systemuserid)"></email>
          		</contact>
          		<contact count="1" firstname="getdyntag(accountid)" lastname="getdyntag(accountid)" parentcustomerid.Id="getdyntag(accountid)" parentcustomerid.LogicalName="getdyntag(accountidtype)" new_attribute1="replace(randomstring,10,20)" new_attribute2="replace(randomnumber,100000001,100000005)" new_attribute3="true" new_attribute4="replace(randomnumber)" new_attribute5="replace(randomnumber)" new_attribute6="replace(randomnumber)" new_attribute7="replace(randomnumber)" new_attribute8="replace(randomstring,100,400)" new_attribute9="replace(randomstarttime)" new_attribute10="replace(randomdate)" save_1="settag(contactid,contact,entityid)" save_2="settype(contactidtype)">
            			<annotation count="1" objectid.Id="getdyntag(contactid)" objectid.LogicalName="getdyntag(contactidtype)"></annotation>
            			<task count="2" regardingobjectid.Id="getdyntag(contactid)" regardingobjectid.LogicalName="getdyntag(contactidtype)" new_attribute1="replace(randomstring,10,20)" new_attribute2="replace(randomnumber,100000001,100000005)" new_attribute3="true" new_attribute4="replace(randomnumber)" new_attribute5="replace(randomnumber)" new_attribute6="replace(randomnumber)" new_attribute7="replace(randomnumber)" new_attribute8="replace(randomstring,100,400)" new_attribute9="replace(randomstarttime)" new_attribute10="replace(randomdate)" save_1="settag(contact_taskid,activity,entityid)" save_2="settype(contact_taskidtype)">
              				<annotation count="1" objectid.Id="getdyntag(contact_taskid)" objectid.LogicalName="getdyntag(contact_taskidtype)"></annotation>
            			</task>
            			<task count="12" regardingobjectid.Id="getdyntag(contactid)" regardingobjectid.LogicalName="getdyntag(contactidtype)" new_attribute1="replace(randomstring,10,20)" new_attribute2="replace(randomnumber,100000001,100000005)" new_attribute3="true" new_attribute4="replace(randomnumber)" new_attribute5="replace(randomnumber)" new_attribute6="replace(randomnumber)" new_attribute7="replace(randomnumber)" new_attribute8="replace(randomstring,100,400)" new_attribute9="replace(randomstarttime)" new_attribute10="replace(randomdate)" save_1="settag(contact_taskid,activity,entityid)" save_2="settype(contact_taskidtype)" statecode="1">
              				<annotation count="1" objectid.Id="getdyntag(contact_taskid)" objectid.LogicalName="getdyntag(contact_taskidtype)"></annotation>
            			</task>
            			<task count="6" regardingobjectid.Id="getdyntag(contactid)" regardingobjectid.LogicalName="getdyntag(contactidtype)" new_attribute1="replace(randomstring,10,20)" new_attribute2="replace(randomnumber,100000001,100000005)" new_attribute3="true" new_attribute4="replace(randomnumber)" new_attribute5="replace(randomnumber)" new_attribute6="replace(randomnumber)" new_attribute7="replace(randomnumber)" new_attribute8="replace(randomstring,100,400)" new_attribute9="replace(randomstarttime)" new_attribute10="replace(randomdate)" save_1="settag(contact_taskid,activity,entityid)" save_2="settype(contact_taskidtype)" statecode="2">
              				<annotation count="1" objectid.Id="getdyntag(contact_taskid)" objectid.LogicalName="getdyntag(contact_taskidtype)"></annotation>
            			</task>
            			<email count="14" sender="gettag(allsystemuserids,getrandom,systemuserid)" torecipients="gettag(allsystemuserids,getrandom,systemuserid)" regardingobjectid.Id="getdyntag(contactid)" regardingobjectid.LogicalName="getdyntag(contactidtype)" from="gettag(allsystemuserids,getrandom,systemuserid)" to="gettag(allsystemuserids,getrandom,systemuserid)"></email>
          		</contact>
    			<new_im count="7" new_directioncode="true" regardingobjectid.Id="getdyntag(accountid)" regardingobjectid.LogicalName="getdyntag(accountidtype)"></new_im>
    			<new_im count="2" new_directioncode="false" regardingobjectid.Id="getdyntag(accountid)" regardingobjectid.LogicalName="getdyntag(accountidtype)" statecode="1"></new_im>
    			<new_im count="1" new_directioncode="true" regardingobjectid.Id="getdyntag(accountid)" regardingobjectid.LogicalName="getdyntag(accountidtype)" statecode="2"></new_im>
        	</account>
        	
 	     	<account count="2" name="replace(randomstring,10,15) + deletable object" new_attribute2="replace(randomnumber,100000001,100000005)" new_attribute3="true" new_attribute4="replace(randomnumber)" new_attribute5="replace(randomnumber)" new_attribute6="replace(randomnumber)" new_attribute7="replace(randomnumber)" new_attribute8="replace(randomstring,100,400)" new_attribute9="replace(randomstarttime)" new_attribute10="replace(randomdate)" save_1="settag(accountid2,account,entityid)" save_2="settype(accountidtype)" revenue="replace(randomnumber,10,300)">
	       		<case count="15" customerid.Id="getdyntag(accountid2)" customerid.LogicalName="getdyntag(accountidtype)" subjectid.Id="getdyntag(subjectid,getrandom,entityid)" statecode="1"></case>
        		<annotation count="1" objectid.Id="getdyntag(accountid2)" objectid.LogicalName="getdyntag(accountidtype)"></annotation>
        		<task count="20" regardingobjectid.Id="getdyntag(accountid2)" regardingobjectid.LogicalName="getdyntag(accountidtype)" new_attribute1="replace(randomstring,10,20)" new_attribute2="replace(randomnumber,100000001,100000005)" new_attribute3="true" new_attribute4="replace(randomnumber)" new_attribute5="replace(randomnumber)" new_attribute6="replace(randomnumber)" new_attribute7="replace(randomnumber)" new_attribute8="replace(randomstring,100,400)" new_attribute9="replace(randomstarttime)" new_attribute10="replace(randomdate)" save_1="settag(taskid2,activity,entityid)" save_2="settype(taskidtype)">
            			<annotation count="1" objectid.Id="getdyntag(taskid2)" objectid.LogicalName="getdyntag(taskidtype)"></annotation>
        		</task>
        		<email count="14" sender="gettag(allsystemuserids,getrandom,systemuserid)" torecipients="gettag(allsystemuserids,getrandom,systemuserid)" regardingobjectid.Id="getdyntag(accountid2)" regardingobjectid.LogicalName="getdyntag(accountidtype)" from="gettag(allsystemuserids,getrandom,systemuserid)" to="gettag(allsystemuserids,getrandom,systemuserid)"></email>
        		<contact count="2" lastname="replace(randomstring,5,10) + deletable object" parentcustomerid.Id="getdyntag(accountid2)" parentcustomerid.LogicalName="getdyntag(accountidtype)" new_attribute1="replace(randomstring,10,20)" new_attribute2="replace(randomnumber,100000001,100000005)" new_attribute3="true" new_attribute4="replace(randomnumber)" new_attribute5="replace(randomnumber)" new_attribute6="replace(randomnumber)" new_attribute7="replace(randomnumber)" new_attribute8="replace(randomstring,100,400)" new_attribute9="replace(randomstarttime)" new_attribute10="replace(randomdate)" save_1="settag(contactid2,contact,entityid)" save_2="settype(contactidtype)">
            			<annotation count="1" objectid.Id="getdyntag(contactid2)" objectid.LogicalName="getdyntag(contactidtype)"></annotation>
            			<task count="20" regardingobjectid.Id="getdyntag(contactid2)" regardingobjectid.LogicalName="getdyntag(contactidtype)" new_attribute1="replace(randomstring,10,20)" new_attribute2="replace(randomnumber,100000001,100000005)" new_attribute3="true" new_attribute4="replace(randomnumber)" new_attribute5="replace(randomnumber)" new_attribute6="replace(randomnumber)" new_attribute7="replace(randomnumber)" new_attribute8="replace(randomstring,100,400)" new_attribute9="replace(randomstarttime)" new_attribute10="replace(randomdate)" save_1="settag(contact_taskid2,activity,entityid)" save_2="settype(contact_taskidtype)">
              				<annotation count="1" objectid.Id="getdyntag(contact_taskid2)" objectid.LogicalName="getdyntag(contact_taskidtype)"></annotation>
            			</task>
            			<email count="14" sender="gettag(allsystemuserids,getrandom,systemuserid)" torecipients="gettag(allsystemuserids,getrandom,systemuserid)" regardingobjectid.Id="getdyntag(contactid2)" regardingobjectid.LogicalName="getdyntag(contactidtype)" from="gettag(allsystemuserids,getrandom,systemuserid)" to="gettag(allsystemuserids,getrandom,systemuserid)"></email>
        		</contact>
        	</account>
  		<account count="1" new_attribute1="replace(randomstring,10,20)" new_attribute2="replace(randomnumber,100000001,100000005)" new_attribute3="true" new_attribute4="replace(randomnumber)" new_attribute5="replace(randomnumber)" new_attribute6="replace(randomnumber)" new_attribute7="replace(randomnumber)" new_attribute8="replace(randomstring,100,400)" new_attribute9="replace(randomstarttime)" new_attribute10="replace(randomdate)" save_1="settag(accountid3,account,entityid)" save_2="settype(accountidtype)" save_3="settag(name,account,entityid)" revenue="replace(randomnumber,10000,30000)">
    			<goalrollupquery count="1" name="replace(randomstring,10,20)" statecode="0" queryentitytype="opportunity" fetchxml="&lt;fetch version='1.0' output-format='xml-platform' mapping='logical' distinct='false'&gt;&lt;entity name='opportunity'&gt;&lt;attribute name='name'/&gt;&lt;attribute name='customerid'/&gt;&lt;attribute name='estimatedvalue'/&gt;&lt;attribute name='statuscode'/&gt;&lt;attribute name='opportunityid'/&gt;&lt;order attribute='name' descending='false'/&gt;&lt;link-entity name='account' from='accountid' to='customerid' alias='aa'&gt;&lt;filter type='and'&gt;&lt;condition attribute='accountid' operator='eq' uiname='getdyntag(name)' uitype='account' value='getdyntag(accountid3)'/&gt;&lt;/filter&gt;&lt;/link-entity&gt;&lt;/entity&gt;&lt;/fetch&gt;" save_1="settag(goalparticipatingqueryid,goalparticipatingquery,entityid)"></goalrollupquery>
    		</account>
			<queue count="1" name="RoutingRuleQueue_C8489281-B213-4CF6-B617-CE4B534EEEF2" queueid="{C8489281-B213-4CF6-B617-CE4B534EEEF2}" save_1="settag(queueid_forroutingrule,queue,entityid)" save_2="settype(queueidtype)"/>
		</objectDist>
    </DbPopConfig>
